Memory Length,4000,
Trigger Level,6.00000e+01,
Source,CH1,
Probe,10.0X,
Vertical Units,V,
Vertical Scale,5.00000e-01,
Vertical Position,-2.00000e-01,
Horizontal Units,S,
Horizontal Scale,2.50000e-02,
Horizontal Position,0.0000000e+00,
Horizontal Mode,Main,
Sampling Period,1.00000e-04,
Firmware,V1.14,
Time, ,
Mode,Detail,
Waveform Data,
-2.000000e-1,-1.24e+0,
-1.999000e-1,-1.24e+0,
-1.998000e-1,4.00e-1,
-1.997000e-1,2.80e-1,
-1.996000e-1,1.84e+0,
-1.995000e-1,1.74e+0,
-1.994000e-1,9.00e-1,
-1.993000e-1,9.00e-1,
-1.992000e-1,-1.16e+0,
-1.991000e-1,-1.08e+0,
-1.990000e-1,-1.34e+0,
-1.989000e-1,-1.18e+0,
-1.988000e-1,3.80e-1,
-1.987000e-1,3.80e-1,
-1.986000e-1,1.38e+0,
-1.985000e-1,1.24e+0,
-1.984000e-1,-3.40e-1,
-1.983000e-1,-3.40e-1,
-1.982000e-1,-7.20e-1,
-1.981000e-1,-6.20e-1,
-1.980000e-1,-1.40e-1,
-1.979000e-1,-1.40e-1,
-1.978000e-1,4.20e-1,
-1.977000e-1,3.80e-1,
-1.976000e-1,-1.80e-1,
-1.975000e-1,-1.40e-1,
-1.974000e-1,-1.40e-1,
-1.973000e-1,-6.00e-2,
-1.972000e-1,7.60e-1,
-1.971000e-1,7.40e-1,
-1.970000e-1,-1.20e-1,
-1.969000e-1,-1.20e-1,
-1.968000e-1,-1.08e+0,
-1.967000e-1,-1.06e+0,
-1.966000e-1,-4.20e-1,
-1.965000e-1,-4.40e-1,
-1.964000e-1,1.12e+0,
-1.963000e-1,1.12e+0,
-1.962000e-1,1.70e+0,
-1.961000e-1,1.00e+0,
-1.960000e-1,-5.60e-1,
-1.959000e-1,-5.40e-1,
-1.958000e-1,-1.30e+0,
-1.957000e-1,-1.18e+0,
-1.956000e-1,4.60e-1,
-1.955000e-1,4.40e-1,
-1.954000e-1,1.74e+0,
-1.953000e-1,1.58e+0,
-1.952000e-1,-6.00e-2,
-1.951000e-1,-6.00e-2,
-1.950000e-1,-1.16e+0,
-1.949000e-1,-1.14e+0,
-1.948000e-1,-3.20e-1,
-1.947000e-1,-3.40e-1,
-1.946000e-1,8.60e-1,
-1.945000e-1,8.40e-1,
-1.944000e-1,3.60e-1,
-1.943000e-1,3.80e-1,
-1.942000e-1,-1.60e-1,
-1.941000e-1,-1.20e-1,
-1.940000e-1,-1.20e-1,
-1.939000e-1,0.00e+0,
-1.938000e-1,4.00e-1,
-1.937000e-1,3.40e-1,
-1.936000e-1,-4.60e-1,
-1.935000e-1,-4.00e-1,
-1.934000e-1,-6.60e-1,
-1.933000e-1,-3.00e-1,
-1.932000e-1,7.40e-1,
-1.931000e-1,7.20e-1,
-1.930000e-1,1.34e+0,
-1.929000e-1,1.28e+0,
-1.928000e-1,-2.40e-1,
-1.927000e-1,-2.00e-1,
-1.926000e-1,-1.30e+0,
-1.925000e-1,-1.26e+0,
-1.924000e-1,-5.00e-1,
-1.923000e-1,-5.00e-1,
-1.922000e-1,1.62e+0,
-1.921000e-1,1.84e+0,
-1.920000e-1,4.60e-1,
-1.919000e-1,5.00e-1,
-1.918000e-1,-1.04e+0,
-1.917000e-1,-9.80e-1,
-1.916000e-1,-1.34e+0,
-1.915000e-1,-9.00e-1,
-1.914000e-1,8.80e-1,
-1.913000e-1,8.80e-1,
-1.912000e-1,1.50e+0,
-1.911000e-1,1.06e+0,
-1.910000e-1,-8.00e-2,
-1.909000e-1,4.00e-2,
-1.908000e-1,-8.60e-1,
-1.907000e-1,-7.60e-1,
-1.906000e-1,1.20e-1,
-1.905000e-1,1.20e-1,
-1.904000e-1,5.20e-1,
-1.903000e-1,3.60e-1,
-1.902000e-1,-2.20e-1,
-1.901000e-1,-1.40e-1,
-1.900000e-1,2.00e-1,
-1.899000e-1,1.20e-1,
-1.898000e-1,7.60e-1,
-1.897000e-1,7.60e-1,
-1.896000e-1,-2.40e-1,
-1.895000e-1,-1.80e-1,
-1.894000e-1,-1.08e+0,
-1.893000e-1,-1.02e+0,
-1.892000e-1,-4.60e-1,
-1.891000e-1,-4.80e-1,
-1.890000e-1,1.16e+0,
-1.889000e-1,1.16e+0,
-1.888000e-1,1.66e+0,
-1.887000e-1,1.00e+0,
-1.886000e-1,-1.10e+0,
-1.885000e-1,-1.10e+0,
-1.884000e-1,-1.10e+0,
-1.883000e-1,-1.20e+0,
-1.882000e-1,3.40e-1,
-1.881000e-1,3.40e-1,
-1.880000e-1,1.76e+0,
-1.879000e-1,1.56e+0,
-1.878000e-1,-4.00e-2,
-1.877000e-1,-2.00e-2,
-1.876000e-1,-1.24e+0,
-1.875000e-1,-1.18e+0,
-1.874000e-1,-5.60e-1,
-1.873000e-1,-6.00e-1,
-1.872000e-1,1.00e+0,
-1.871000e-1,9.80e-1,
-1.870000e-1,4.00e-1,
-1.869000e-1,4.00e-1,
-1.868000e-1,-3.40e-1,
-1.867000e-1,-3.00e-1,
-1.866000e-1,1.00e-1,
-1.865000e-1,6.00e-2,
-1.864000e-1,3.60e-1,
-1.863000e-1,2.20e-1,
-1.862000e-1,-4.60e-1,
-1.861000e-1,-4.60e-1,
-1.860000e-1,-1.80e-1,
-1.859000e-1,-1.80e-1,
-1.858000e-1,9.80e-1,
-1.857000e-1,9.60e-1,
-1.856000e-1,1.22e+0,
-1.855000e-1,1.10e+0,
-1.854000e-1,-8.60e-1,
-1.853000e-1,-8.60e-1,
-1.852000e-1,-1.30e+0,
-1.851000e-1,-1.16e+0,
-1.850000e-1,6.40e-1,
-1.849000e-1,6.40e-1,
-1.848000e-1,1.84e+0,
-1.847000e-1,1.80e+0,
-1.846000e-1,6.60e-1,
-1.845000e-1,6.60e-1,
-1.844000e-1,-1.32e+0,
-1.843000e-1,-1.24e+0,
-1.842000e-1,-7.00e-1,
-1.841000e-1,-7.40e-1,
-1.840000e-1,1.28e+0,
-1.839000e-1,1.28e+0,
-1.838000e-1,1.52e+0,
-1.837000e-1,1.38e+0,
-1.836000e-1,-2.60e-1,
-1.835000e-1,-2.40e-1,
-1.834000e-1,-8.80e-1,
-1.833000e-1,-7.00e-1,
-1.832000e-1,2.40e-1,
-1.831000e-1,2.20e-1,
-1.830000e-1,5.60e-1,
-1.829000e-1,4.20e-1,
-1.828000e-1,-1.40e-1,
-1.827000e-1,-8.00e-2,
-1.826000e-1,-8.00e-2,
-1.825000e-1,6.00e-2,
-1.824000e-1,7.00e-1,
-1.823000e-1,6.60e-1,
-1.822000e-1,-2.00e-2,
-1.821000e-1,4.00e-2,
-1.820000e-1,-9.20e-1,
-1.819000e-1,-9.20e-1,
-1.818000e-1,-5.00e-1,
-1.817000e-1,-5.40e-1,
-1.816000e-1,1.32e+0,
-1.815000e-1,1.66e+0,
-1.814000e-1,7.00e-1,
-1.813000e-1,7.80e-1,
-1.812000e-1,-1.34e+0,
-1.811000e-1,-1.24e+0,
-1.810000e-1,-1.24e+0,
-1.809000e-1,-1.24e+0,
-1.808000e-1,9.00e-1,
-1.807000e-1,8.80e-1,
-1.806000e-1,1.86e+0,
-1.805000e-1,1.78e+0,
-1.804000e-1,-4.20e-1,
-1.803000e-1,-3.60e-1,
-1.802000e-1,-1.32e+0,
-1.801000e-1,-1.22e+0,
-1.800000e-1,6.00e-2,
-1.799000e-1,2.00e-2,
-1.798000e-1,1.04e+0,
-1.797000e-1,1.02e+0,
-1.796000e-1,4.80e-1,
-1.795000e-1,5.60e-1,
-1.794000e-1,-4.60e-1,
-1.793000e-1,-3.40e-1,
-1.792000e-1,4.00e-2,
-1.791000e-1,2.00e-2,
-1.790000e-1,3.40e-1,
-1.789000e-1,2.80e-1,
-1.788000e-1,-2.80e-1,
-1.787000e-1,-2.80e-1,
-1.786000e-1,-2.80e-1,
-1.785000e-1,-3.60e-1,
-1.784000e-1,7.20e-1,
-1.783000e-1,7.20e-1,
-1.782000e-1,1.16e+0,
-1.781000e-1,9.40e-1,
-1.780000e-1,-6.00e-1,
-1.779000e-1,-6.00e-1,
-1.778000e-1,-1.26e+0,
-1.777000e-1,-1.24e+0,
-1.776000e-1,1.20e-1,
-1.775000e-1,1.20e-1,
-1.774000e-1,1.76e+0,
-1.773000e-1,1.76e+0,
-1.772000e-1,0.00e+0,
-1.771000e-1,2.00e-2,
-1.770000e-1,-1.30e+0,
-1.769000e-1,-1.26e+0,
-1.768000e-1,-5.60e-1,
-1.767000e-1,-5.60e-1,
-1.766000e-1,1.36e+0,
-1.765000e-1,1.34e+0,
-1.764000e-1,1.34e+0,
-1.763000e-1,1.30e+0,
-1.762000e-1,-1.40e-1,
-1.761000e-1,-1.40e-1,
-1.760000e-1,-9.80e-1,
-1.759000e-1,-8.40e-1,
-1.758000e-1,2.20e-1,
-1.757000e-1,2.00e-1,
-1.756000e-1,6.20e-1,
-1.755000e-1,5.80e-1,
-1.754000e-1,-6.00e-2,
-1.753000e-1,-4.00e-2,
-1.752000e-1,-4.00e-2,
-1.751000e-1,1.20e-1,
-1.750000e-1,6.20e-1,
-1.749000e-1,5.40e-1,
-1.748000e-1,1.20e-1,
-1.747000e-1,1.40e-1,
-1.746000e-1,-9.40e-1,
-1.745000e-1,-9.00e-1,
-1.744000e-1,1.40e-1,
-1.743000e-1,1.00e-1,
-1.742000e-1,1.54e+0,
-1.741000e-1,1.50e+0,
-1.740000e-1,1.00e+0,
-1.739000e-1,1.06e+0,
-1.738000e-1,-1.30e+0,
-1.737000e-1,-1.26e+0,
-1.736000e-1,-1.26e+0,
-1.735000e-1,-1.20e+0,
-1.734000e-1,1.42e+0,
-1.733000e-1,1.42e+0,
-1.732000e-1,1.82e+0,
-1.731000e-1,1.34e+0,
-1.730000e-1,-6.20e-1,
-1.729000e-1,-6.00e-1,
-1.728000e-1,-1.30e+0,
-1.727000e-1,-1.22e+0,
-1.726000e-1,-2.00e-1,
-1.725000e-1,-2.00e-1,
-1.724000e-1,1.18e+0,
-1.723000e-1,1.16e+0,
-1.722000e-1,6.40e-1,
-1.721000e-1,6.40e-1,
-1.720000e-1,-5.00e-1,
-1.719000e-1,-4.20e-1,
-1.718000e-1,-1.20e-1,
-1.717000e-1,-1.60e-1,
-1.716000e-1,4.00e-1,
-1.715000e-1,2.80e-1,
-1.714000e-1,-3.80e-1,
-1.713000e-1,-3.00e-1,
-1.712000e-1,-3.00e-1,
-1.711000e-1,-3.00e-1,
-1.710000e-1,9.40e-1,
-1.709000e-1,1.16e+0,
-1.708000e-1,6.20e-1,
-1.707000e-1,6.80e-1,
-1.706000e-1,-5.40e-1,
-1.705000e-1,-4.40e-1,
-1.704000e-1,-1.32e+0,
-1.703000e-1,-1.08e+0,
-1.702000e-1,6.00e-1,
-1.701000e-1,5.20e-1,
-1.700000e-1,1.78e+0,
-1.699000e-1,1.70e+0,
-1.698000e-1,3.80e-1,
-1.697000e-1,4.00e-1,
-1.696000e-1,-1.36e+0,
-1.695000e-1,-1.22e+0,
-1.694000e-1,-2.20e-1,
-1.693000e-1,-3.20e-1,
-1.692000e-1,1.22e+0,
-1.691000e-1,1.20e+0,
-1.690000e-1,1.64e+0,
-1.689000e-1,1.30e+0,
-1.688000e-1,-8.00e-1,
-1.687000e-1,-8.00e-1,
-1.686000e-1,-1.02e+0,
-1.685000e-1,-8.20e-1,
-1.684000e-1,1.00e-1,
-1.683000e-1,8.00e-2,
-1.682000e-1,7.00e-1,
-1.681000e-1,5.40e-1,
-1.680000e-1,-6.00e-2,
-1.679000e-1,-4.00e-2,
-1.678000e-1,-4.00e-2,
-1.677000e-1,2.00e-2,
-1.676000e-1,5.40e-1,
-1.675000e-1,5.20e-1,
-1.674000e-1,-1.40e-1,
-1.673000e-1,-1.40e-1,
-1.672000e-1,-8.40e-1,
-1.671000e-1,-8.20e-1,
-1.670000e-1,1.00e-1,
-1.669000e-1,1.00e-1,
-1.668000e-1,1.26e+0,
-1.667000e-1,1.52e+0,
-1.666000e-1,6.80e-1,
-1.665000e-1,6.80e-1,
-1.664000e-1,-1.28e+0,
-1.663000e-1,-1.26e+0,
-1.662000e-1,-1.02e+0,
-1.661000e-1,-1.02e+0,
-1.660000e-1,6.80e-1,
-1.659000e-1,6.60e-1,
-1.658000e-1,1.84e+0,
-1.657000e-1,1.74e+0,
-1.656000e-1,1.00e-1,
-1.655000e-1,1.00e-1,
-1.654000e-1,-1.30e+0,
-1.653000e-1,-1.22e+0,
-1.652000e-1,-4.00e-2,
-1.651000e-1,-4.00e-2,
-1.650000e-1,1.26e+0,
-1.649000e-1,1.16e+0,
-1.648000e-1,2.60e-1,
-1.647000e-1,2.60e-1,
-1.646000e-1,-4.40e-1,
-1.645000e-1,-4.00e-1,
-1.644000e-1,-2.00e-2,
-1.643000e-1,-6.00e-2,
-1.642000e-1,3.60e-1,
-1.641000e-1,3.00e-1,
-1.640000e-1,-1.20e-1,
-1.639000e-1,-6.00e-2,
-1.638000e-1,-3.40e-1,
-1.637000e-1,-2.20e-1,
-1.636000e-1,8.20e-1,
-1.635000e-1,8.00e-1,
-1.634000e-1,1.02e+0,
-1.633000e-1,9.20e-1,
-1.632000e-1,-8.40e-1,
-1.631000e-1,-8.40e-1,
-1.630000e-1,-1.22e+0,
-1.629000e-1,-1.06e+0,
-1.628000e-1,1.14e+0,
-1.627000e-1,1.14e+0,
-1.626000e-1,1.78e+0,
-1.625000e-1,1.62e+0,
-1.624000e-1,3.00e-1,
-1.623000e-1,3.00e-1,
-1.622000e-1,-1.32e+0,
-1.621000e-1,-1.28e+0,
-1.620000e-1,-3.40e-1,
-1.619000e-1,-3.40e-1,
-1.618000e-1,1.50e+0,
-1.617000e-1,1.46e+0,
-1.616000e-1,1.72e+0,
-1.615000e-1,1.38e+0,
-1.614000e-1,-5.00e-1,
-1.613000e-1,-4.60e-1,
-1.612000e-1,-1.16e+0,
-1.611000e-1,-7.40e-1,
-1.610000e-1,5.00e-1,
-1.609000e-1,4.60e-1,
-1.608000e-1,8.20e-1,
-1.607000e-1,5.60e-1,
-1.606000e-1,-1.60e-1,
-1.605000e-1,-8.00e-2,
-1.604000e-1,2.00e-1,
-1.603000e-1,1.40e-1,
-1.602000e-1,5.60e-1,
-1.601000e-1,4.00e-1,
-1.600000e-1,-3.40e-1,
-1.599000e-1,-3.40e-1,
-1.598000e-1,-8.40e-1,
-1.597000e-1,-8.00e-1,
-1.596000e-1,1.60e-1,
-1.595000e-1,1.60e-1,
-1.594000e-1,1.48e+0,
-1.593000e-1,1.42e+0,
-1.592000e-1,2.80e-1,
-1.591000e-1,3.60e-1,
-1.590000e-1,-1.30e+0,
-1.589000e-1,-1.28e+0,
-1.588000e-1,-1.28e+0,
-1.587000e-1,-1.16e+0,
-1.586000e-1,1.22e+0,
-1.585000e-1,1.18e+0,
-1.584000e-1,1.84e+0,
-1.583000e-1,1.42e+0,
-1.582000e-1,-5.80e-1,
-1.581000e-1,-5.60e-1,
-1.580000e-1,-1.30e+0,
-1.579000e-1,-1.26e+0,
-1.578000e-1,1.80e-1,
-1.577000e-1,1.80e-1,
-1.576000e-1,1.28e+0,
-1.575000e-1,1.26e+0,
-1.574000e-1,4.00e-2,
-1.573000e-1,6.00e-2,
-1.572000e-1,-6.60e-1,
-1.571000e-1,-5.80e-1,
-1.570000e-1,-2.00e-2,
-1.569000e-1,-6.00e-2,
-1.568000e-1,3.60e-1,
-1.567000e-1,3.20e-1,
-1.566000e-1,-8.00e-2,
-1.565000e-1,-8.00e-2,
-1.564000e-1,-3.00e-1,
-1.563000e-1,-1.20e-1,
-1.562000e-1,6.20e-1,
-1.561000e-1,6.00e-1,
-1.560000e-1,9.20e-1,
-1.559000e-1,4.60e-1,
-1.558000e-1,-1.00e+0,
-1.557000e-1,-9.80e-1,
-1.556000e-1,-1.20e+0,
-1.555000e-1,-1.04e+0,
-1.554000e-1,8.40e-1,
-1.553000e-1,8.20e-1,
-1.552000e-1,1.74e+0,
-1.551000e-1,1.70e+0,
-1.550000e-1,8.00e-2,
-1.549000e-1,8.00e-2,
-1.548000e-1,-1.32e+0,
-1.547000e-1,-1.26e+0,
-1.546000e-1,-7.40e-1,
-1.545000e-1,-7.80e-1,
-1.544000e-1,1.46e+0,
-1.543000e-1,1.72e+0,
-1.542000e-1,1.06e+0,
-1.541000e-1,1.10e+0,
-1.540000e-1,-8.60e-1,
-1.539000e-1,-1.18e+0,
-1.538000e-1,-5.60e-1,
-1.537000e-1,-6.40e-1,
-1.536000e-1,4.80e-1,
-1.535000e-1,4.80e-1,
-1.534000e-1,8.60e-1,
-1.533000e-1,6.20e-1,
-1.532000e-1,-2.00e-1,
-1.531000e-1,-1.60e-1,
-1.530000e-1,8.00e-2,
-1.529000e-1,6.00e-2,
-1.528000e-1,4.00e-1,
-1.527000e-1,3.40e-1,
-1.526000e-1,-2.80e-1,
-1.525000e-1,-2.40e-1,
-1.524000e-1,-7.00e-1,
-1.523000e-1,-6.40e-1,
-1.522000e-1,3.00e-1,
-1.521000e-1,2.80e-1,
-1.520000e-1,1.40e+0,
-1.519000e-1,1.32e+0,
-1.518000e-1,1.40e-1,
-1.517000e-1,1.40e-1,
-1.516000e-1,-1.34e+0,
-1.515000e-1,-1.24e+0,
-1.514000e-1,-1.02e+0,
-1.513000e-1,-1.14e+0,
-1.512000e-1,1.24e+0,
-1.511000e-1,1.20e+0,
-1.510000e-1,1.90e+0,
-1.509000e-1,1.68e+0,
-1.508000e-1,-8.60e-1,
-1.507000e-1,-7.60e-1,
-1.506000e-1,-1.36e+0,
-1.505000e-1,-1.24e+0,
-1.504000e-1,4.00e-1,
-1.503000e-1,3.40e-1,
-1.502000e-1,1.42e+0,
-1.501000e-1,1.34e+0,
-1.500000e-1,2.60e-1,
-1.499000e-1,3.20e-1,
-1.498000e-1,-7.80e-1,
-1.497000e-1,-6.60e-1,
-1.496000e-1,-8.00e-2,
-1.495000e-1,-1.80e-1,
-1.494000e-1,4.60e-1,
-1.493000e-1,3.60e-1,
-1.492000e-1,-6.00e-2,
-1.491000e-1,-6.00e-2,
-1.490000e-1,-6.00e-2,
-1.489000e-1,-1.60e-1,
-1.488000e-1,6.80e-1,
-1.487000e-1,6.60e-1,
-1.486000e-1,2.80e-1,
-1.485000e-1,3.00e-1,
-1.484000e-1,-8.40e-1,
-1.483000e-1,-8.40e-1,
-1.482000e-1,-1.16e+0,
-1.481000e-1,-8.40e-1,
-1.480000e-1,9.40e-1,
-1.479000e-1,9.40e-1,
-1.478000e-1,1.70e+0,
-1.477000e-1,1.66e+0,
-1.476000e-1,-2.00e-2,
-1.475000e-1,-2.00e-2,
-1.474000e-1,-1.30e+0,
-1.473000e-1,-1.24e+0,
-1.472000e-1,3.40e-1,
-1.471000e-1,3.20e-1,
-1.470000e-1,1.66e+0,
-1.469000e-1,1.64e+0,
-1.468000e-1,1.22e+0,
-1.467000e-1,1.24e+0,
-1.466000e-1,-8.40e-1,
-1.465000e-1,-8.00e-1,
-1.464000e-1,-1.20e+0,
-1.463000e-1,-8.00e-1,
-1.462000e-1,3.80e-1,
-1.461000e-1,3.60e-1,
-1.460000e-1,9.40e-1,
-1.459000e-1,7.80e-1,
-1.458000e-1,-2.00e-1,
-1.457000e-1,-1.60e-1,
-1.456000e-1,-1.60e-1,
-1.455000e-1,-1.60e-1,
-1.454000e-1,3.20e-1,
-1.453000e-1,3.20e-1,
-1.452000e-1,-1.00e-1,
-1.451000e-1,-6.00e-2,
-1.450000e-1,-6.40e-1,
-1.449000e-1,-5.40e-1,
-1.448000e-1,3.60e-1,
-1.447000e-1,3.00e-1,
-1.446000e-1,1.34e+0,
-1.445000e-1,1.28e+0,
-1.444000e-1,-3.60e-1,
-1.443000e-1,-3.40e-1,
-1.442000e-1,-1.32e+0,
-1.441000e-1,-1.24e+0,
-1.440000e-1,-3.00e-1,
-1.439000e-1,-3.20e-1,
-1.438000e-1,1.72e+0,
-1.437000e-1,1.72e+0,
-1.436000e-1,1.40e+0,
-1.435000e-1,1.46e+0,
-1.434000e-1,-7.80e-1,
-1.433000e-1,-7.60e-1,
-1.432000e-1,-1.30e+0,
-1.431000e-1,-1.20e+0,
-1.430000e-1,1.00e-1,
-1.429000e-1,8.00e-2,
-1.428000e-1,1.46e+0,
-1.427000e-1,1.38e+0,
-1.426000e-1,3.00e-1,
-1.425000e-1,3.00e-1,
-1.424000e-1,-8.00e-1,
-1.423000e-1,-7.40e-1,
-1.422000e-1,6.00e-2,
-1.421000e-1,6.00e-2,
-1.420000e-1,4.60e-1,
-1.419000e-1,4.40e-1,
-1.418000e-1,4.00e-2,
-1.417000e-1,1.40e-1,
-1.416000e-1,-2.40e-1,
-1.415000e-1,-4.00e-2,
-1.414000e-1,7.00e-1,
-1.413000e-1,6.20e-1,
-1.412000e-1,6.20e-1,
-1.411000e-1,5.80e-1,
-1.410000e-1,-8.40e-1,
-1.409000e-1,-7.80e-1,
-1.408000e-1,-1.14e+0,
-1.407000e-1,-6.60e-1,
-1.406000e-1,9.20e-1,
-1.405000e-1,8.40e-1,
-1.404000e-1,1.72e+0,
-1.403000e-1,1.64e+0,
-1.402000e-1,-9.40e-1,
-1.401000e-1,-8.80e-1,
-1.400000e-1,-1.36e+0,
-1.399000e-1,-1.30e+0,
-1.398000e-1,3.20e-1,
-1.397000e-1,2.60e-1,
-1.396000e-1,1.80e+0,
-1.395000e-1,1.70e+0,
-1.394000e-1,2.20e-1,
-1.393000e-1,3.20e-1,
-1.392000e-1,-1.12e+0,
-1.391000e-1,-1.08e+0,
-1.390000e-1,-5.40e-1,
-1.389000e-1,-5.60e-1,
-1.388000e-1,4.80e-1,
-1.387000e-1,4.80e-1,
-1.386000e-1,1.00e+0,
-1.385000e-1,8.20e-1,
-1.384000e-1,-2.60e-1,
-1.383000e-1,-2.60e-1,
-1.382000e-1,-2.60e-1,
-1.381000e-1,-2.20e-1,
-1.380000e-1,3.40e-1,
-1.379000e-1,3.20e-1,
-1.378000e-1,-6.00e-2,
-1.377000e-1,-4.00e-2,
-1.376000e-1,-5.60e-1,
-1.375000e-1,-5.00e-1,
-1.374000e-1,3.00e-1,
-1.373000e-1,3.00e-1,
-1.372000e-1,1.22e+0,
-1.371000e-1,1.22e+0,
-1.370000e-1,4.00e-2,
-1.369000e-1,4.00e-2,
-1.368000e-1,-1.26e+0,
-1.367000e-1,-1.22e+0,
-1.366000e-1,-4.80e-1,
-1.365000e-1,-4.80e-1,
-1.364000e-1,1.66e+0,
-1.363000e-1,1.66e+0,
-1.362000e-1,1.18e+0,
-1.361000e-1,1.18e+0,
-1.360000e-1,-1.26e+0,
-1.359000e-1,-1.24e+0,
-1.358000e-1,-1.24e+0,
-1.357000e-1,-1.18e+0,
-1.356000e-1,9.40e-1,
-1.355000e-1,9.40e-1,
-1.354000e-1,1.50e+0,
-1.353000e-1,1.42e+0,
-1.352000e-1,-3.40e-1,
-1.351000e-1,-3.20e-1,
-1.350000e-1,-9.20e-1,
-1.349000e-1,-8.20e-1,
-1.348000e-1,1.20e-1,
-1.347000e-1,1.00e-1,
-1.346000e-1,5.40e-1,
-1.345000e-1,4.80e-1,
-1.344000e-1,-1.00e-1,
-1.343000e-1,-4.00e-2,
-1.342000e-1,-4.00e-2,
-1.341000e-1,6.00e-2,
-1.340000e-1,6.00e-1,
-1.339000e-1,5.40e-1,
-1.338000e-1,1.00e-1,
-1.337000e-1,1.40e-1,
-1.336000e-1,-7.60e-1,
-1.335000e-1,-1.04e+0,
-1.334000e-1,-2.00e-1,
-1.333000e-1,-2.60e-1,
-1.332000e-1,1.36e+0,
-1.331000e-1,1.34e+0,
-1.330000e-1,1.62e+0,
-1.329000e-1,1.38e+0,
-1.328000e-1,-7.00e-1,
-1.327000e-1,-6.80e-1,
-1.326000e-1,-1.34e+0,
-1.325000e-1,-1.24e+0,
-1.324000e-1,6.40e-1,
-1.323000e-1,6.20e-1,
-1.322000e-1,1.76e+0,
-1.321000e-1,1.74e+0,
-1.320000e-1,7.00e-1,
-1.319000e-1,7.60e-1,
-1.318000e-1,-1.18e+0,
-1.317000e-1,-1.32e+0,
-1.316000e-1,-8.60e-1,
-1.315000e-1,-9.20e-1,
-1.314000e-1,1.08e+0,
-1.313000e-1,1.02e+0,
-1.312000e-1,6.00e-1,
-1.311000e-1,7.40e-1,
-1.310000e-1,-1.20e-1,
-1.309000e-1,-1.00e-1,
-1.308000e-1,-4.80e-1,
-1.307000e-1,-2.20e-1,
-1.306000e-1,3.20e-1,
-1.305000e-1,2.20e-1,
-1.304000e-1,-1.00e-1,
-1.303000e-1,-2.00e-2,
-1.302000e-1,-5.40e-1,
-1.301000e-1,-4.20e-1,
-1.300000e-1,5.40e-1,
-1.299000e-1,4.80e-1,
-1.298000e-1,1.22e+0,
-1.297000e-1,1.14e+0,
-1.296000e-1,1.80e-1,
-1.295000e-1,1.80e-1,
-1.294000e-1,-1.34e+0,
-1.293000e-1,-1.24e+0,
-1.292000e-1,1.20e-1,
-1.291000e-1,6.00e-2,
-1.290000e-1,1.82e+0,
-1.289000e-1,1.80e+0,
-1.288000e-1,8.20e-1,
-1.287000e-1,8.20e-1,
-1.286000e-1,-1.26e+0,
-1.285000e-1,-1.26e+0,
-1.284000e-1,-8.00e-1,
-1.283000e-1,-8.20e-1,
-1.282000e-1,1.10e+0,
-1.281000e-1,1.06e+0,
-1.280000e-1,1.56e+0,
-1.279000e-1,1.48e+0,
-1.278000e-1,1.40e-1,
-1.277000e-1,1.40e-1,
-1.276000e-1,-9.40e-1,
-1.275000e-1,-9.00e-1,
-1.274000e-1,8.00e-2,
-1.273000e-1,6.00e-2,
-1.272000e-1,6.20e-1,
-1.271000e-1,5.80e-1,
-1.270000e-1,4.00e-2,
-1.269000e-1,6.00e-2,
-1.268000e-1,6.00e-2,
-1.267000e-1,-1.00e-1,
-1.266000e-1,4.80e-1,
-1.265000e-1,4.40e-1,
-1.264000e-1,1.60e-1,
-1.263000e-1,1.60e-1,
-1.262000e-1,-8.00e-1,
-1.261000e-1,-7.80e-1,
-1.260000e-1,-2.80e-1,
-1.259000e-1,-2.80e-1,
-1.258000e-1,1.40e+0,
-1.257000e-1,1.38e+0,
-1.256000e-1,1.38e+0,
-1.255000e-1,1.24e+0,
-1.254000e-1,-9.20e-1,
-1.253000e-1,-9.20e-1,
-1.252000e-1,-1.30e+0,
-1.251000e-1,-1.24e+0,
-1.250000e-1,1.60e-1,
-1.249000e-1,1.20e-1,
-1.248000e-1,1.84e+0,
-1.247000e-1,1.78e+0,
-1.246000e-1,8.40e-1,
-1.245000e-1,8.60e-1,
-1.244000e-1,-1.18e+0,
-1.243000e-1,-1.18e+0,
-1.242000e-1,-3.00e-1,
-1.241000e-1,-3.00e-1,
-1.240000e-1,9.20e-1,
-1.239000e-1,9.00e-1,
-1.238000e-1,1.18e+0,
-1.237000e-1,7.40e-1,
-1.236000e-1,-2.60e-1,
-1.235000e-1,-2.20e-1,
-1.234000e-1,-5.00e-1,
-1.233000e-1,-3.00e-1,
-1.232000e-1,3.20e-1,
-1.231000e-1,3.00e-1,
-1.230000e-1,-1.00e-1,
-1.229000e-1,-6.00e-2,
-1.228000e-1,-4.20e-1,
-1.227000e-1,-3.40e-1,
-1.226000e-1,6.20e-1,
-1.225000e-1,6.20e-1,
-1.224000e-1,1.10e+0,
-1.223000e-1,1.00e+0,
-1.222000e-1,-7.00e-1,
-1.221000e-1,-7.00e-1,
-1.220000e-1,-1.26e+0,
-1.219000e-1,-1.18e+0,
-1.218000e-1,3.80e-1,
-1.217000e-1,2.80e-1,
-1.216000e-1,1.60e+0,
-1.215000e-1,1.82e+0,
-1.214000e-1,2.80e-1,
-1.213000e-1,3.20e-1,
-1.212000e-1,-1.38e+0,
-1.211000e-1,-1.22e+0,
-1.210000e-1,-1.22e+0,
-1.209000e-1,-1.14e+0,
-1.208000e-1,1.14e+0,
-1.207000e-1,1.10e+0,
-1.206000e-1,1.68e+0,
-1.205000e-1,1.28e+0,
-1.204000e-1,-5.60e-1,
-1.203000e-1,-5.40e-1,
-1.202000e-1,-1.10e+0,
-1.201000e-1,-9.60e-1,
-1.200000e-1,-6.00e-2,
-1.199000e-1,-1.00e-1,
-1.198000e-1,7.60e-1,
-1.197000e-1,6.80e-1,
-1.196000e-1,0.00e+0,
-1.195000e-1,6.00e-2,
-1.194000e-1,-2.20e-1,
-1.193000e-1,-1.20e-1,
-1.192000e-1,5.00e-1,
-1.191000e-1,4.80e-1,
-1.190000e-1,4.80e-1,
-1.189000e-1,3.40e-1,
-1.188000e-1,-6.80e-1,
-1.187000e-1,-8.80e-1,
-1.186000e-1,-1.40e-1,
-1.185000e-1,-1.60e-1,
-1.184000e-1,1.42e+0,
-1.183000e-1,1.42e+0,
-1.182000e-1,9.20e-1,
-1.181000e-1,9.20e-1,
-1.180000e-1,-1.02e+0,
-1.179000e-1,-1.02e+0,
-1.178000e-1,-1.30e+0,
-1.177000e-1,-1.20e+0,
-1.176000e-1,9.00e-1,
-1.175000e-1,9.00e-1,
-1.174000e-1,1.78e+0,
-1.173000e-1,1.76e+0,
-1.172000e-1,3.80e-1,
-1.171000e-1,3.80e-1,
-1.170000e-1,-1.26e+0,
-1.169000e-1,-1.26e+0,
-1.168000e-1,-7.40e-1,
-1.167000e-1,-7.60e-1,
-1.166000e-1,1.18e+0,
-1.165000e-1,1.16e+0,
-1.164000e-1,8.60e-1,
-1.163000e-1,8.80e-1,
-1.162000e-1,-2.60e-1,
-1.161000e-1,-2.60e-1,
-1.160000e-1,-5.60e-1,
-1.159000e-1,-1.80e-1,
-1.158000e-1,2.40e-1,
-1.157000e-1,2.20e-1,
-1.156000e-1,2.20e-1,
-1.155000e-1,1.00e-1,
-1.154000e-1,-3.60e-1,
-1.153000e-1,-1.60e-1,
-1.152000e-1,5.60e-1,
-1.151000e-1,5.40e-1,
-1.150000e-1,1.00e+0,
-1.149000e-1,1.00e+0,
-1.148000e-1,-1.00e-1,
-1.147000e-1,-8.00e-2,
-1.146000e-1,-1.26e+0,
-1.145000e-1,-1.20e+0,
-1.144000e-1,-1.60e-1,
-1.143000e-1,-2.00e-1,
-1.142000e-1,1.78e+0,
-1.141000e-1,1.74e+0,
-1.140000e-1,6.00e-2,
-1.139000e-1,6.00e-2,
-1.138000e-1,-1.34e+0,
-1.137000e-1,-1.26e+0,
-1.136000e-1,-9.00e-1,
-1.135000e-1,-9.00e-1,
-1.134000e-1,9.40e-1,
-1.133000e-1,9.20e-1,
-1.132000e-1,1.66e+0,
-1.131000e-1,1.48e+0,
-1.130000e-1,-2.00e-2,
-1.129000e-1,-2.00e-2,
-1.128000e-1,-1.10e+0,
-1.127000e-1,-1.02e+0,
-1.126000e-1,-6.00e-2,
-1.125000e-1,-8.00e-2,
-1.124000e-1,7.60e-1,
-1.123000e-1,7.20e-1,
-1.122000e-1,1.20e-1,
-1.121000e-1,1.60e-1,
-1.120000e-1,-2.20e-1,
-1.119000e-1,-1.60e-1,
-1.118000e-1,5.20e-1,
-1.117000e-1,4.40e-1,
-1.116000e-1,-1.40e-1,
-1.115000e-1,-8.00e-2,
-1.114000e-1,-8.20e-1,
-1.113000e-1,-7.20e-1,
-1.112000e-1,-8.00e-2,
-1.111000e-1,-1.40e-1,
-1.110000e-1,1.20e+0,
-1.109000e-1,1.18e+0,
-1.108000e-1,1.50e+0,
-1.107000e-1,1.08e+0,
-1.106000e-1,-1.08e+0,
-1.105000e-1,-1.08e+0,
-1.104000e-1,-1.36e+0,
-1.103000e-1,-1.26e+0,
-1.102000e-1,6.20e-1,
-1.101000e-1,6.20e-1,
-1.100000e-1,1.90e+0,
-1.099000e-1,1.76e+0,
-1.098000e-1,1.80e-1,
-1.097000e-1,2.80e-1,
-1.096000e-1,-1.36e+0,
-1.095000e-1,-1.20e+0,
-1.094000e-1,-3.20e-1,
-1.093000e-1,-3.80e-1,
-1.092000e-1,1.34e+0,
-1.091000e-1,1.30e+0,
-1.090000e-1,4.00e-1,
-1.089000e-1,4.20e-1,
-1.088000e-1,-5.40e-1,
-1.087000e-1,-5.20e-1,
-1.086000e-1,-2.40e-1,
-1.085000e-1,-2.60e-1,
-1.084000e-1,3.60e-1,
-1.083000e-1,3.40e-1,
-1.082000e-1,1.00e-1,
-1.081000e-1,1.20e-1,
-1.080000e-1,-2.80e-1,
-1.079000e-1,-2.20e-1,
-1.078000e-1,3.20e-1,
-1.077000e-1,3.00e-1,
-1.076000e-1,9.40e-1,
-1.075000e-1,8.60e-1,
-1.074000e-1,-7.00e-1,
-1.073000e-1,-7.00e-1,
-1.072000e-1,-1.18e+0,
-1.071000e-1,-1.16e+0,
-1.070000e-1,-1.20e-1,
-1.069000e-1,-1.20e-1,
-1.068000e-1,1.68e+0,
-1.067000e-1,1.66e+0,
-1.066000e-1,8.80e-1,
-1.065000e-1,9.00e-1,
-1.064000e-1,-1.28e+0,
-1.063000e-1,-1.24e+0,
-1.062000e-1,-3.20e-1,
-1.061000e-1,-3.40e-1,
-1.060000e-1,1.52e+0,
-1.059000e-1,1.52e+0,
-1.058000e-1,1.30e+0,
-1.057000e-1,1.32e+0,
-1.056000e-1,-2.00e-1,
-1.055000e-1,-1.80e-1,
-1.054000e-1,-1.16e+0,
-1.053000e-1,-9.20e-1,
-1.052000e-1,-8.00e-2,
-1.051000e-1,-1.00e-1,
-1.050000e-1,8.60e-1,
-1.049000e-1,8.20e-1,
-1.048000e-1,1.20e-1,
-1.047000e-1,1.80e-1,
-1.046000e-1,-2.40e-1,
-1.045000e-1,-8.00e-2,
-1.044000e-1,4.20e-1,
-1.043000e-1,3.80e-1,
-1.042000e-1,3.80e-1,
-1.041000e-1,2.60e-1,
-1.040000e-1,-6.20e-1,
-1.039000e-1,-5.40e-1,
-1.038000e-1,6.00e-2,
-1.037000e-1,4.00e-2,
-1.036000e-1,1.28e+0,
-1.035000e-1,1.26e+0,
-1.034000e-1,9.80e-1,
-1.033000e-1,9.80e-1,
-1.032000e-1,-1.22e+0,
-1.031000e-1,-1.22e+0,
-1.030000e-1,-9.40e-1,
-1.029000e-1,-9.40e-1,
-1.028000e-1,1.38e+0,
-1.027000e-1,1.36e+0,
-1.026000e-1,1.86e+0,
-1.025000e-1,1.62e+0,
-1.024000e-1,-6.20e-1,
-1.023000e-1,-6.20e-1,
-1.022000e-1,-1.32e+0,
-1.021000e-1,-1.26e+0,
-1.020000e-1,2.20e-1,
-1.019000e-1,2.00e-1,
-1.018000e-1,1.38e+0,
-1.017000e-1,1.34e+0,
-1.016000e-1,7.20e-1,
-1.015000e-1,7.60e-1,
-1.014000e-1,-6.80e-1,
-1.013000e-1,-6.40e-1,
-1.012000e-1,-4.00e-1,
-1.011000e-1,-4.40e-1,
-1.010000e-1,4.60e-1,
-1.009000e-1,3.60e-1,
-1.008000e-1,-1.20e-1,
-1.007000e-1,6.00e-2,
-1.006000e-1,-3.00e-1,
-1.005000e-1,-2.40e-1,
-1.004000e-1,3.60e-1,
-1.003000e-1,3.20e-1,
-1.002000e-1,9.00e-1,
-1.001000e-1,7.80e-1,
-1.000000e-1,-6.20e-1,
-9.990000e-2,-5.40e-1,
-9.980000e-2,-1.20e+0,
-9.970000e-2,-1.08e+0,
-9.960000e-2,1.80e-1,
-9.950000e-2,1.60e-1,
-9.940000e-2,1.74e+0,
-9.930000e-2,1.58e+0,
-9.920000e-2,6.00e-1,
-9.910000e-2,6.20e-1,
-9.900000e-2,-1.32e+0,
-9.890000e-2,-1.26e+0,
-9.880000e-2,-1.80e-1,
-9.870000e-2,-2.00e-1,
-9.860000e-2,1.56e+0,
-9.850000e-2,1.56e+0,
-9.840000e-2,1.56e+0,
-9.830000e-2,1.54e+0,
-9.820000e-2,-4.20e-1,
-9.810000e-2,-4.20e-1,
-9.800000e-2,-1.20e+0,
-9.790000e-2,-1.18e+0,
-9.780000e-2,1.20e-1,
-9.770000e-2,8.00e-2,
-9.760000e-2,9.40e-1,
-9.750000e-2,7.80e-1,
-9.740000e-2,-4.00e-2,
-9.730000e-2,-4.00e-2,
-9.720000e-2,-3.00e-1,
-9.710000e-2,-2.40e-1,
-9.700000e-2,3.00e-1,
-9.690000e-2,2.80e-1,
-9.680000e-2,2.80e-1,
-9.670000e-2,2.40e-1,
-9.660000e-2,-5.40e-1,
-9.650000e-2,-5.40e-1,
-9.640000e-2,4.00e-2,
-9.630000e-2,2.00e-2,
-9.620000e-2,1.30e+0,
-9.610000e-2,1.28e+0,
-9.600000e-2,3.20e-1,
-9.590000e-2,3.60e-1,
-9.580000e-2,-8.60e-1,
-9.570000e-2,-8.60e-1,
-9.560000e-2,-1.28e+0,
-9.550000e-2,-1.16e+0,
-9.540000e-2,1.10e+0,
-9.530000e-2,1.08e+0,
-9.520000e-2,1.86e+0,
-9.510000e-2,1.78e+0,
-9.500000e-2,-8.00e-2,
-9.490000e-2,-6.00e-2,
-9.480000e-2,-1.32e+0,
-9.470000e-2,-1.20e+0,
-9.460000e-2,1.00e-1,
-9.450000e-2,1.00e-1,
-9.440000e-2,1.44e+0,
-9.430000e-2,1.40e+0,
-9.420000e-2,8.00e-1,
-9.410000e-2,8.20e-1,
-9.400000e-2,-8.20e-1,
-9.390000e-2,-7.80e-1,
-9.380000e-2,-4.80e-1,
-9.370000e-2,-4.80e-1,
-9.360000e-2,5.20e-1,
-9.350000e-2,4.60e-1,
-9.340000e-2,1.00e-1,
-9.330000e-2,1.60e-1,
-9.320000e-2,-2.40e-1,
-9.310000e-2,-6.00e-2,
-9.300000e-2,6.40e-1,
-9.290000e-2,6.00e-1,
-9.280000e-2,6.00e-1,
-9.270000e-2,6.60e-1,
-9.260000e-2,-7.00e-1,
-9.250000e-2,-6.60e-1,
-9.240000e-2,-1.14e+0,
-9.230000e-2,-8.80e-1,
-9.220000e-2,8.40e-1,
-9.210000e-2,8.20e-1,
-9.200000e-2,1.64e+0,
-9.190000e-2,1.58e+0,
-9.180000e-2,2.60e-1,
-9.170000e-2,3.00e-1,
-9.160000e-2,-1.36e+0,
-9.150000e-2,-1.26e+0,
-9.140000e-2,-2.20e-1,
-9.130000e-2,-2.60e-1,
-9.120000e-2,1.74e+0,
-9.110000e-2,1.70e+0,
-9.100000e-2,1.10e+0,
-9.090000e-2,1.18e+0,
-9.080000e-2,-5.20e-1,
-9.070000e-2,-4.20e-1,
-9.060000e-2,-1.30e+0,
-9.050000e-2,-1.10e+0,
-9.040000e-2,4.60e-1,
-9.030000e-2,4.00e-1,
-9.020000e-2,1.08e+0,
-9.010000e-2,9.40e-1,
-9.000000e-2,1.40e-1,
-8.990000e-2,1.80e-1,
-8.980000e-2,-4.00e-1,
-8.970000e-2,-1.80e-1,
-8.960000e-2,2.60e-1,
-8.950000e-2,4.20e-1,
-8.940000e-2,-2.00e-2,
-8.930000e-2,6.00e-2,
-8.920000e-2,-5.40e-1,
-8.910000e-2,-4.80e-1,
-8.900000e-2,3.60e-1,
-8.890000e-2,3.60e-1,
-8.880000e-2,1.16e+0,
-8.870000e-2,1.14e+0,
-8.860000e-2,5.60e-1,
-8.850000e-2,5.60e-1,
-8.840000e-2,-1.18e+0,
-8.830000e-2,-1.18e+0,
-8.820000e-2,-6.00e-1,
-8.810000e-2,-6.20e-1,
-8.800000e-2,1.54e+0,
-8.790000e-2,1.54e+0,
-8.780000e-2,1.84e+0,
-8.770000e-2,1.52e+0,
-8.760000e-2,-2.20e-1,
-8.750000e-2,-2.20e-1,
-8.740000e-2,-1.30e+0,
-8.730000e-2,-1.20e+0,
-8.720000e-2,2.00e-1,
-8.710000e-2,2.00e-1,
-8.700000e-2,1.46e+0,
-8.690000e-2,1.46e+0,
-8.680000e-2,7.60e-1,
-8.670000e-2,8.00e-1,
-8.660000e-2,-8.20e-1,
-8.650000e-2,-8.20e-1,
-8.640000e-2,-2.60e-1,
-8.630000e-2,-2.80e-1,
-8.620000e-2,5.20e-1,
-8.610000e-2,4.80e-1,
-8.600000e-2,4.80e-1,
-8.590000e-2,2.80e-1,
-8.580000e-2,-1.60e-1,
-8.570000e-2,-6.00e-2,
-8.560000e-2,5.20e-1,
-8.550000e-2,5.20e-1,
-8.540000e-2,5.20e-1,
-8.530000e-2,4.20e-1,
-8.520000e-2,-4.60e-1,
-8.510000e-2,-4.20e-1,
-8.500000e-2,-1.02e+0,
-8.490000e-2,-5.80e-1,
-8.480000e-2,9.40e-1,
-8.470000e-2,9.20e-1,
-8.460000e-2,1.64e+0,
-8.450000e-2,1.38e+0,
-8.440000e-2,-3.80e-1,
-8.430000e-2,-3.80e-1,
-8.420000e-2,-1.32e+0,
-8.410000e-2,-1.24e+0,
-8.400000e-2,2.40e-1,
-8.390000e-2,2.40e-1,
-8.380000e-2,1.78e+0,
-8.370000e-2,1.76e+0,
-8.360000e-2,6.20e-1,
-8.350000e-2,6.20e-1,
-8.340000e-2,-9.60e-1,
-8.330000e-2,-1.30e+0,
-8.320000e-2,-7.20e-1,
-8.310000e-2,-7.40e-1,
-8.300000e-2,7.00e-1,
-8.290000e-2,7.00e-1,
-8.280000e-2,1.12e+0,
-8.270000e-2,8.20e-1,
-8.260000e-2,-8.00e-2,
-8.250000e-2,-6.00e-2,
-8.240000e-2,-4.20e-1,
-8.230000e-2,-3.20e-1,
-8.220000e-2,3.40e-1,
-8.210000e-2,2.80e-1,
-8.200000e-2,0.00e+0,
-8.190000e-2,6.00e-2,
-8.180000e-2,-5.60e-1,
-8.170000e-2,-3.80e-1,
-8.160000e-2,0.00e+0,
-8.150000e-2,-6.00e-2,
-8.140000e-2,1.16e+0,
-8.130000e-2,1.06e+0,
-8.120000e-2,1.00e-1,
-8.110000e-2,2.00e-1,
-8.100000e-2,-1.30e+0,
-8.090000e-2,-1.18e+0,
-8.080000e-2,-4.80e-1,
-8.070000e-2,-5.80e-1,
-8.060000e-2,1.48e+0,
-8.050000e-2,1.48e+0,
-8.040000e-2,1.86e+0,
-8.030000e-2,1.48e+0,
-8.020000e-2,-1.12e+0,
-8.010000e-2,-1.04e+0,
-8.000000e-2,-1.36e+0,
-7.990000e-2,-1.22e+0,
-7.980000e-2,6.00e-2,
-7.970000e-2,-6.00e-2,
-7.960000e-2,1.50e+0,
-7.950000e-2,1.50e+0,
-7.940000e-2,6.80e-1,
-7.930000e-2,7.00e-1,
-7.920000e-2,-9.80e-1,
-7.910000e-2,-9.20e-1,
-7.900000e-2,-1.60e-1,
-7.890000e-2,-1.60e-1,
-7.880000e-2,5.00e-1,
-7.870000e-2,4.60e-1,
-7.860000e-2,2.00e-1,
-7.850000e-2,2.20e-1,
-7.840000e-2,-1.60e-1,
-7.830000e-2,-1.20e-1,
-7.820000e-2,5.00e-1,
-7.810000e-2,5.00e-1,
-7.800000e-2,5.00e-1,
-7.790000e-2,4.20e-1,
-7.780000e-2,-7.40e-1,
-7.770000e-2,-7.40e-1,
-7.760000e-2,-7.40e-1,
-7.750000e-2,-7.80e-1,
-7.740000e-2,8.20e-1,
-7.730000e-2,8.00e-1,
-7.720000e-2,1.54e+0,
-7.710000e-2,1.24e+0,
-7.700000e-2,-4.60e-1,
-7.690000e-2,-4.40e-1,
-7.680000e-2,-1.30e+0,
-7.670000e-2,-1.24e+0,
-7.660000e-2,-4.00e-2,
-7.650000e-2,-6.00e-2,
-7.640000e-2,1.64e+0,
-7.630000e-2,1.62e+0,
-7.620000e-2,1.00e+0,
-7.610000e-2,1.02e+0,
-7.600000e-2,-1.10e+0,
-7.590000e-2,-1.10e+0,
-7.580000e-2,-1.10e+0,
-7.570000e-2,-9.80e-1,
-7.560000e-2,3.40e-1,
-7.550000e-2,3.40e-1,
-7.540000e-2,1.16e+0,
-7.530000e-2,1.06e+0,
-7.520000e-2,8.00e-2,
-7.510000e-2,8.00e-2,
-7.500000e-2,-5.00e-1,
-7.490000e-2,-2.80e-1,
-7.480000e-2,2.00e-1,
-7.470000e-2,1.80e-1,
-7.460000e-2,1.80e-1,
-7.450000e-2,2.00e-2,
-7.440000e-2,-4.40e-1,
-7.430000e-2,-4.00e-1,
-7.420000e-2,1.60e-1,
-7.410000e-2,1.00e-1,
-7.400000e-2,1.00e+0,
-7.390000e-2,1.00e+0,
-7.380000e-2,1.20e-1,
-7.370000e-2,1.40e-1,
-7.360000e-2,-1.26e+0,
-7.350000e-2,-1.22e+0,
-7.340000e-2,-8.60e-1,
-7.330000e-2,-8.60e-1,
-7.320000e-2,1.42e+0,
-7.310000e-2,1.80e+0,
-7.300000e-2,1.12e+0,
-7.290000e-2,1.12e+0,
-7.280000e-2,-1.14e+0,
-7.270000e-2,-1.14e+0,
-7.260000e-2,-1.14e+0,
-7.250000e-2,-1.22e+0,
-7.240000e-2,6.40e-1,
-7.230000e-2,6.20e-1,
-7.220000e-2,1.64e+0,
-7.210000e-2,1.54e+0,
-7.200000e-2,-4.00e-2,
-7.190000e-2,-4.00e-2,
-7.180000e-2,-9.40e-1,
-7.170000e-2,-9.00e-1,
-7.160000e-2,-6.00e-2,
-7.150000e-2,-8.00e-2,
-7.140000e-2,6.60e-1,
-7.130000e-2,5.80e-1,
-7.120000e-2,4.00e-2,
-7.110000e-2,8.00e-2,
-7.100000e-2,-2.40e-1,
-7.090000e-2,-4.00e-2,
-7.080000e-2,4.80e-1,
-7.070000e-2,4.60e-1,
-7.060000e-2,4.60e-1,
-7.050000e-2,3.80e-1,
-7.040000e-2,-6.20e-1,
-7.030000e-2,-5.40e-1,
-7.020000e-2,-9.20e-1,
-7.010000e-2,-4.60e-1,
-7.000000e-2,7.20e-1,
-6.990000e-2,7.20e-1,
-6.980000e-2,1.56e+0,
-6.970000e-2,1.16e+0,
-6.960000e-2,-3.60e-1,
-6.950000e-2,-3.60e-1,
-6.940000e-2,-1.36e+0,
-6.930000e-2,-1.24e+0,
-6.920000e-2,3.60e-1,
-6.910000e-2,3.60e-1,
-6.900000e-2,1.64e+0,
-6.890000e-2,1.84e+0,
-6.880000e-2,5.20e-1,
-6.870000e-2,5.20e-1,
-6.860000e-2,-1.26e+0,
-6.850000e-2,-1.24e+0,
-6.840000e-2,-1.24e+0,
-6.830000e-2,-1.06e+0,
-6.820000e-2,8.20e-1,
-6.810000e-2,8.20e-1,
-6.800000e-2,1.24e+0,
-6.790000e-2,1.00e+0,
-6.780000e-2,8.00e-2,
-6.770000e-2,1.00e-1,
-6.760000e-2,-5.40e-1,
-6.750000e-2,-4.80e-1,
-6.740000e-2,2.20e-1,
-6.730000e-2,1.80e-1,
-6.720000e-2,1.80e-1,
-6.710000e-2,6.00e-2,
-6.700000e-2,-3.20e-1,
-6.690000e-2,-2.80e-1,
-6.680000e-2,1.60e-1,
-6.670000e-2,1.40e-1,
-6.660000e-2,1.00e+0,
-6.650000e-2,9.20e-1,
-6.640000e-2,2.00e-2,
-6.630000e-2,2.00e-2,
-6.620000e-2,-1.12e+0,
-6.610000e-2,-1.10e+0,
-6.600000e-2,-1.80e-1,
-6.590000e-2,-2.00e-1,
-6.580000e-2,1.58e+0,
-6.570000e-2,1.58e+0,
-6.560000e-2,1.22e+0,
-6.550000e-2,1.24e+0,
-6.540000e-2,-1.16e+0,
-6.530000e-2,-1.12e+0,
-6.520000e-2,-1.12e+0,
-6.510000e-2,-1.20e+0,
-6.500000e-2,5.00e-1,
-6.490000e-2,5.00e-1,
-6.480000e-2,1.72e+0,
-6.470000e-2,1.58e+0,
-6.460000e-2,4.80e-1,
-6.450000e-2,5.20e-1,
-6.440000e-2,-1.10e+0,
-6.430000e-2,-1.08e+0,
-6.420000e-2,-4.00e-2,
-6.410000e-2,-6.00e-2,
-6.400000e-2,7.60e-1,
-6.390000e-2,7.40e-1,
-6.380000e-2,4.40e-1,
-6.370000e-2,4.60e-1,
-6.360000e-2,-2.00e-1,
-6.350000e-2,-1.60e-1,
-6.340000e-2,2.20e-1,
-6.330000e-2,2.00e-1,
-6.320000e-2,5.20e-1,
-6.310000e-2,3.40e-1,
-6.300000e-2,-5.80e-1,
-6.290000e-2,-7.80e-1,
-6.280000e-2,-2.00e-1,
-6.270000e-2,-2.20e-1,
-6.260000e-2,1.16e+0,
-6.250000e-2,1.14e+0,
-6.240000e-2,1.48e+0,
-6.230000e-2,1.38e+0,
-6.220000e-2,-7.20e-1,
-6.210000e-2,-7.20e-1,
-6.200000e-2,-1.32e+0,
-6.190000e-2,-1.18e+0,
-6.180000e-2,0.00e+0,
-6.170000e-2,-4.00e-2,
-6.160000e-2,1.76e+0,
-6.150000e-2,1.88e+0,
-6.140000e-2,5.00e-1,
-6.130000e-2,6.00e-1,
-6.120000e-2,-1.16e+0,
-6.110000e-2,-1.36e+0,
-6.100000e-2,-6.80e-1,
-6.090000e-2,-7.60e-1,
-6.080000e-2,9.80e-1,
-6.070000e-2,9.00e-1,
-6.060000e-2,1.38e+0,
-6.050000e-2,7.40e-1,
-6.040000e-2,-5.00e-1,
-6.030000e-2,-4.40e-1,
-6.020000e-2,-6.80e-1,
-6.010000e-2,-5.80e-1,
-6.000000e-2,1.80e-1,
-5.990000e-2,8.00e-2,
-5.980000e-2,4.40e-1,
-5.970000e-2,1.20e-1,
-5.960000e-2,-3.20e-1,
-5.950000e-2,-2.80e-1,
-5.940000e-2,1.40e-1,
-5.930000e-2,1.40e-1,
-5.920000e-2,9.00e-1,
-5.910000e-2,8.80e-1,
-5.900000e-2,-2.20e-1,
-5.890000e-2,-2.00e-1,
-5.880000e-2,-1.18e+0,
-5.870000e-2,-1.14e+0,
-5.860000e-2,2.00e-2,
-5.850000e-2,0.00e+0,
-5.840000e-2,1.66e+0,
-5.830000e-2,1.66e+0,
-5.820000e-2,4.60e-1,
-5.810000e-2,4.60e-1,
-5.800000e-2,-1.30e+0,
-5.790000e-2,-1.28e+0,
-5.780000e-2,-9.60e-1,
-5.770000e-2,-9.80e-1,
-5.760000e-2,6.60e-1,
-5.750000e-2,6.40e-1,
-5.740000e-2,1.70e+0,
-5.730000e-2,1.62e+0,
-5.720000e-2,-1.80e-1,
-5.710000e-2,-1.40e-1,
-5.700000e-2,-1.16e+0,
-5.690000e-2,-1.10e+0,
-5.680000e-2,-1.40e-1,
-5.670000e-2,-1.60e-1,
-5.660000e-2,7.40e-1,
-5.650000e-2,7.40e-1,
-5.640000e-2,3.40e-1,
-5.630000e-2,3.40e-1,
-5.620000e-2,-2.40e-1,
-5.610000e-2,-2.00e-1,
-5.600000e-2,2.60e-1,
-5.590000e-2,2.20e-1,
-5.580000e-2,2.20e-1,
-5.570000e-2,3.40e-1,
-5.560000e-2,-5.60e-1,
-5.550000e-2,-5.40e-1,
-5.540000e-2,-5.40e-1,
-5.530000e-2,-4.60e-1,
-5.520000e-2,1.24e+0,
-5.510000e-2,1.24e+0,
-5.500000e-2,7.60e-1,
-5.490000e-2,8.00e-1,
-5.480000e-2,-9.80e-1,
-5.470000e-2,-9.40e-1,
-5.460000e-2,-1.32e+0,
-5.450000e-2,-1.26e+0,
-5.440000e-2,2.60e-1,
-5.430000e-2,2.60e-1,
-5.420000e-2,1.84e+0,
-5.410000e-2,1.84e+0,
-5.400000e-2,7.80e-1,
-5.390000e-2,8.00e-1,
-5.380000e-2,-1.32e+0,
-5.370000e-2,-1.26e+0,
-5.360000e-2,-3.60e-1,
-5.350000e-2,-3.60e-1,
-5.340000e-2,1.00e+0,
-5.330000e-2,1.00e+0,
-5.320000e-2,1.40e+0,
-5.310000e-2,9.20e-1,
-5.300000e-2,-1.40e-1,
-5.290000e-2,-1.20e-1,
-5.280000e-2,-7.40e-1,
-5.270000e-2,-6.00e-1,
-5.260000e-2,2.20e-1,
-5.250000e-2,2.00e-1,
-5.240000e-2,4.20e-1,
-5.230000e-2,3.40e-1,
-5.220000e-2,-2.60e-1,
-5.210000e-2,-2.00e-1,
-5.200000e-2,2.80e-1,
-5.190000e-2,2.60e-1,
-5.180000e-2,8.80e-1,
-5.170000e-2,8.20e-1,
-5.160000e-2,-4.60e-1,
-5.150000e-2,-4.00e-1,
-5.140000e-2,-1.22e+0,
-5.130000e-2,-1.10e+0,
-5.120000e-2,2.40e-1,
-5.110000e-2,2.20e-1,
-5.100000e-2,1.74e+0,
-5.090000e-2,1.70e+0,
-5.080000e-2,5.00e-1,
-5.070000e-2,5.00e-1,
-5.060000e-2,-1.06e+0,
-5.050000e-2,-9.40e-1,
-5.040000e-2,-1.36e+0,
-5.030000e-2,-9.40e-1,
-5.020000e-2,5.80e-1,
-5.010000e-2,5.40e-1,
-5.000000e-2,1.80e+0,
-4.990000e-2,1.58e+0,
-4.980000e-2,-6.20e-1,
-4.970000e-2,-5.60e-1,
-4.960000e-2,-1.28e+0,
-4.950000e-2,-1.10e+0,
-4.940000e-2,-2.00e-2,
-4.930000e-2,-6.00e-2,
-4.920000e-2,8.80e-1,
-4.910000e-2,8.60e-1,
-4.900000e-2,3.60e-1,
-4.890000e-2,4.20e-1,
-4.880000e-2,-2.60e-1,
-4.870000e-2,-2.20e-1,
-4.860000e-2,2.20e-1,
-4.850000e-2,2.00e-1,
-4.840000e-2,2.00e-1,
-4.830000e-2,2.80e-1,
-4.820000e-2,-5.20e-1,
-4.810000e-2,-4.80e-1,
-4.800000e-2,-4.80e-1,
-4.790000e-2,-3.40e-1,
-4.780000e-2,1.02e+0,
-4.770000e-2,1.32e+0,
-4.760000e-2,6.60e-1,
-4.750000e-2,6.60e-1,
-4.740000e-2,-8.60e-1,
-4.730000e-2,-8.60e-1,
-4.720000e-2,-1.28e+0,
-4.710000e-2,-1.22e+0,
-4.700000e-2,6.20e-1,
-4.690000e-2,6.00e-1,
-4.680000e-2,1.80e+0,
-4.670000e-2,1.80e+0,
-4.660000e-2,2.40e-1,
-4.650000e-2,2.40e-1,
-4.640000e-2,-1.30e+0,
-4.630000e-2,-1.22e+0,
-4.620000e-2,-5.60e-1,
-4.610000e-2,-5.60e-1,
-4.600000e-2,1.22e+0,
-4.590000e-2,1.46e+0,
-4.580000e-2,9.20e-1,
-4.570000e-2,9.80e-1,
-4.560000e-2,-2.20e-1,
-4.550000e-2,-2.00e-1,
-4.540000e-2,-8.20e-1,
-4.530000e-2,-6.80e-1,
-4.520000e-2,4.40e-1,
-4.510000e-2,4.20e-1,
-4.500000e-2,1.80e-1,
-4.490000e-2,2.00e-1,
-4.480000e-2,-2.00e-1,
-4.470000e-2,-1.80e-1,
-4.460000e-2,1.60e-1,
-4.450000e-2,1.40e-1,
-4.440000e-2,7.80e-1,
-4.430000e-2,7.40e-1,
-4.420000e-2,-2.80e-1,
-4.410000e-2,-2.40e-1,
-4.400000e-2,-1.04e+0,
-4.390000e-2,-1.04e+0,
-4.380000e-2,1.20e-1,
-4.370000e-2,8.00e-2,
-4.360000e-2,1.68e+0,
-4.350000e-2,1.64e+0,
-4.340000e-2,8.40e-1,
-4.330000e-2,8.40e-1,
-4.320000e-2,-1.10e+0,
-4.310000e-2,-1.10e+0,
-4.300000e-2,-1.32e+0,
-4.290000e-2,-1.08e+0,
-4.280000e-2,1.24e+0,
-4.270000e-2,1.22e+0,
-4.260000e-2,1.78e+0,
-4.250000e-2,1.58e+0,
-4.240000e-2,-5.80e-1,
-4.230000e-2,-5.60e-1,
-4.220000e-2,-1.26e+0,
-4.210000e-2,-1.06e+0,
-4.200000e-2,3.80e-1,
-4.190000e-2,3.40e-1,
-4.180000e-2,1.06e+0,
-4.170000e-2,9.60e-1,
-4.160000e-2,8.00e-2,
-4.150000e-2,1.20e-1,
-4.140000e-2,-4.00e-1,
-4.130000e-2,-3.60e-1,
-4.120000e-2,1.60e-1,
-4.110000e-2,1.60e-1,
-4.100000e-2,4.20e-1,
-4.090000e-2,2.20e-1,
-4.080000e-2,-3.80e-1,
-4.070000e-2,-6.20e-1,
-4.060000e-2,-8.00e-2,
-4.050000e-2,-8.00e-2,
-4.040000e-2,1.00e+0,
-4.030000e-2,9.80e-1,
-4.020000e-2,1.28e+0,
-4.010000e-2,9.20e-1,
-4.000000e-2,-1.16e+0,
-3.990000e-2,-1.04e+0,
-3.980000e-2,-1.34e+0,
-3.970000e-2,-1.26e+0,
-3.960000e-2,4.40e-1,
-3.950000e-2,3.60e-1,
-3.940000e-2,1.86e+0,
-3.930000e-2,1.68e+0,
-3.920000e-2,2.00e-2,
-3.910000e-2,2.00e-2,
-3.900000e-2,-1.28e+0,
-3.890000e-2,-1.28e+0,
-3.880000e-2,-5.20e-1,
-3.870000e-2,-5.40e-1,
-3.860000e-2,1.38e+0,
-3.850000e-2,1.36e+0,
-3.840000e-2,1.00e+0,
-3.830000e-2,1.02e+0,
-3.820000e-2,-4.60e-1,
-3.810000e-2,-4.40e-1,
-3.800000e-2,-8.80e-1,
-3.790000e-2,-4.00e-1,
-3.780000e-2,4.20e-1,
-3.770000e-2,3.80e-1,
-3.760000e-2,3.80e-1,
-3.750000e-2,3.00e-1,
-3.740000e-2,-1.60e-1,
-3.730000e-2,-1.40e-1,
-3.720000e-2,4.20e-1,
-3.710000e-2,4.00e-1,
-3.700000e-2,6.80e-1,
-3.690000e-2,6.60e-1,
-3.680000e-2,-5.00e-1,
-3.670000e-2,-4.80e-1,
-3.660000e-2,-1.00e+0,
-3.650000e-2,-9.80e-1,
-3.640000e-2,2.20e-1,
-3.630000e-2,2.20e-1,
-3.620000e-2,1.60e+0,
-3.610000e-2,1.56e+0,
-3.600000e-2,8.20e-1,
-3.590000e-2,8.20e-1,
-3.580000e-2,-1.30e+0,
-3.570000e-2,-1.26e+0,
-3.560000e-2,-1.00e+0,
-3.550000e-2,-1.02e+0,
-3.540000e-2,1.16e+0,
-3.530000e-2,1.14e+0,
-3.520000e-2,1.82e+0,
-3.510000e-2,1.60e+0,
-3.500000e-2,-1.00e-1,
-3.490000e-2,-1.00e-1,
-3.480000e-2,-1.30e+0,
-3.470000e-2,-1.22e+0,
-3.460000e-2,4.60e-1,
-3.450000e-2,4.40e-1,
-3.440000e-2,1.10e+0,
-3.430000e-2,1.02e+0,
-3.420000e-2,1.40e-1,
-3.410000e-2,2.00e-1,
-3.400000e-2,-4.40e-1,
-3.390000e-2,-4.00e-1,
-3.380000e-2,2.20e-1,
-3.370000e-2,1.40e-1,
-3.360000e-2,3.60e-1,
-3.350000e-2,2.60e-1,
-3.340000e-2,-4.80e-1,
-3.330000e-2,-4.60e-1,
-3.320000e-2,-8.00e-2,
-3.310000e-2,-1.00e-1,
-3.300000e-2,1.14e+0,
-3.290000e-2,1.14e+0,
-3.280000e-2,2.60e-1,
-3.270000e-2,2.60e-1,
-3.260000e-2,-1.24e+0,
-3.250000e-2,-1.20e+0,
-3.240000e-2,-8.80e-1,
-3.230000e-2,-9.20e-1,
-3.220000e-2,1.36e+0,
-3.210000e-2,1.32e+0,
-3.200000e-2,1.84e+0,
-3.190000e-2,1.54e+0,
-3.180000e-2,-1.20e-1,
-3.170000e-2,-1.20e-1,
-3.160000e-2,-1.36e+0,
-3.150000e-2,-1.36e+0,
-3.140000e-2,-5.40e-1,
-3.130000e-2,-5.60e-1,
-3.120000e-2,1.62e+0,
-3.110000e-2,1.58e+0,
-3.100000e-2,4.80e-1,
-3.090000e-2,5.60e-1,
-3.080000e-2,-7.20e-1,
-3.070000e-2,-6.80e-1,
-3.060000e-2,-1.02e+0,
-3.050000e-2,-5.60e-1,
-3.040000e-2,3.40e-1,
-3.030000e-2,3.40e-1,
-3.020000e-2,6.80e-1,
-3.010000e-2,3.00e-1,
-3.000000e-2,-1.60e-1,
-2.990000e-2,-1.40e-1,
-2.980000e-2,2.20e-1,
-2.970000e-2,2.00e-1,
-2.960000e-2,6.80e-1,
-2.950000e-2,5.00e-1,
-2.940000e-2,-2.00e-1,
-2.930000e-2,-1.20e-1,
-2.920000e-2,-9.60e-1,
-2.910000e-2,-7.00e-1,
-2.900000e-2,6.60e-1,
-2.890000e-2,6.40e-1,
-2.880000e-2,1.50e+0,
-2.870000e-2,1.48e+0,
-2.860000e-2,2.60e-1,
-2.850000e-2,2.60e-1,
-2.840000e-2,-1.24e+0,
-2.830000e-2,-1.22e+0,
-2.820000e-2,-8.40e-1,
-2.810000e-2,-8.40e-1,
-2.800000e-2,1.34e+0,
-2.790000e-2,1.32e+0,
-2.780000e-2,1.82e+0,
-2.770000e-2,1.32e+0,
-2.760000e-2,-4.60e-1,
-2.750000e-2,-4.40e-1,
-2.740000e-2,-1.28e+0,
-2.730000e-2,-1.20e+0,
-2.720000e-2,2.40e-1,
-2.710000e-2,2.40e-1,
-2.700000e-2,1.16e+0,
-2.690000e-2,1.08e+0,
-2.680000e-2,-6.00e-2,
-2.670000e-2,-2.00e-2,
-2.660000e-2,-4.80e-1,
-2.650000e-2,-4.40e-1,
-2.640000e-2,1.80e-1,
-2.630000e-2,1.80e-1,
-2.620000e-2,1.80e-1,
-2.610000e-2,1.20e-1,
-2.600000e-2,-3.60e-1,
-2.590000e-2,-3.40e-1,
-2.580000e-2,-8.00e-2,
-2.570000e-2,-1.20e-1,
-2.560000e-2,9.20e-1,
-2.550000e-2,9.00e-1,
-2.540000e-2,9.00e-1,
-2.530000e-2,7.60e-1,
-2.520000e-2,-1.14e+0,
-2.510000e-2,-1.10e+0,
-2.500000e-2,-7.00e-1,
-2.490000e-2,-7.40e-1,
-2.480000e-2,1.06e+0,
-2.470000e-2,1.02e+0,
-2.460000e-2,1.80e+0,
-2.450000e-2,1.76e+0,
-2.440000e-2,8.00e-2,
-2.430000e-2,1.00e-1,
-2.420000e-2,-1.32e+0,
-2.410000e-2,-1.24e+0,
-2.400000e-2,-1.80e-1,
-2.390000e-2,-2.00e-1,
-2.380000e-2,1.62e+0,
-2.370000e-2,1.56e+0,
-2.360000e-2,3.80e-1,
-2.350000e-2,4.00e-1,
-2.340000e-2,-8.20e-1,
-2.330000e-2,-8.20e-1,
-2.320000e-2,-5.00e-1,
-2.310000e-2,-5.20e-1,
-2.300000e-2,5.60e-1,
-2.290000e-2,5.40e-1,
-2.280000e-2,5.40e-1,
-2.270000e-2,5.40e-1,
-2.260000e-2,-1.40e-1,
-2.250000e-2,-1.20e-1,
-2.240000e-2,1.00e-1,
-2.230000e-2,4.00e-2,
-2.220000e-2,5.60e-1,
-2.210000e-2,5.40e-1,
-2.200000e-2,-6.20e-1,
-2.190000e-2,-5.40e-1,
-2.180000e-2,-9.40e-1,
-2.170000e-2,-8.00e-1,
-2.160000e-2,6.00e-1,
-2.150000e-2,5.80e-1,
-2.140000e-2,1.54e+0,
-2.130000e-2,1.44e+0,
-2.120000e-2,2.40e-1,
-2.110000e-2,2.60e-1,
-2.100000e-2,-1.36e+0,
-2.090000e-2,-1.26e+0,
-2.080000e-2,-3.60e-1,
-2.070000e-2,-3.80e-1,
-2.060000e-2,1.52e+0,
-2.050000e-2,1.88e+0,
-2.040000e-2,1.10e+0,
-2.030000e-2,1.14e+0,
-2.020000e-2,-8.80e-1,
-2.010000e-2,-8.60e-1,
-2.000000e-2,-1.34e+0,
-1.990000e-2,-9.00e-1,
-1.980000e-2,8.40e-1,
-1.970000e-2,7.80e-1,
-1.960000e-2,1.32e+0,
-1.950000e-2,1.08e+0,
-1.940000e-2,2.60e-1,
-1.930000e-2,3.00e-1,
-1.920000e-2,-5.80e-1,
-1.910000e-2,-5.00e-1,
-1.900000e-2,1.20e-1,
-1.890000e-2,1.20e-1,
-1.880000e-2,3.40e-1,
-1.870000e-2,2.60e-1,
-1.860000e-2,-3.20e-1,
-1.850000e-2,-3.20e-1,
-1.840000e-2,1.60e-1,
-1.830000e-2,1.60e-1,
-1.820000e-2,9.80e-1,
-1.810000e-2,9.40e-1,
-1.800000e-2,3.60e-1,
-1.790000e-2,3.60e-1,
-1.780000e-2,-9.80e-1,
-1.770000e-2,-9.80e-1,
-1.760000e-2,-1.22e+0,
-1.750000e-2,-8.40e-1,
-1.740000e-2,1.26e+0,
-1.730000e-2,1.24e+0,
-1.720000e-2,1.78e+0,
-1.710000e-2,1.54e+0,
-1.700000e-2,-5.20e-1,
-1.690000e-2,-5.20e-1,
-1.680000e-2,-1.30e+0,
-1.670000e-2,-1.28e+0,
-1.660000e-2,-2.80e-1,
-1.650000e-2,-2.80e-1,
-1.640000e-2,1.66e+0,
-1.630000e-2,1.62e+0,
-1.620000e-2,2.00e-1,
-1.610000e-2,2.20e-1,
-1.600000e-2,-1.02e+0,
-1.590000e-2,-1.02e+0,
-1.580000e-2,-4.80e-1,
-1.570000e-2,-4.80e-1,
-1.560000e-2,6.20e-1,
-1.550000e-2,6.20e-1,
-1.540000e-2,3.60e-1,
-1.530000e-2,3.60e-1,
-1.520000e-2,-8.00e-2,
-1.510000e-2,-6.00e-2,
-1.500000e-2,-6.00e-2,
-1.490000e-2,8.00e-2,
-1.480000e-2,5.00e-1,
-1.470000e-2,3.60e-1,
-1.460000e-2,-2.80e-1,
-1.450000e-2,-2.20e-1,
-1.440000e-2,-8.00e-1,
-1.430000e-2,-5.40e-1,
-1.420000e-2,4.80e-1,
-1.410000e-2,4.40e-1,
-1.400000e-2,1.46e+0,
-1.390000e-2,1.42e+0,
-1.380000e-2,-3.80e-1,
-1.370000e-2,-3.80e-1,
-1.360000e-2,-1.30e+0,
-1.350000e-2,-1.22e+0,
-1.340000e-2,-6.20e-1,
-1.330000e-2,-6.20e-1,
-1.320000e-2,1.82e+0,
-1.310000e-2,1.80e+0,
-1.300000e-2,1.10e+0,
-1.290000e-2,1.12e+0,
-1.280000e-2,-5.40e-1,
-1.270000e-2,-5.40e-1,
-1.260000e-2,-1.32e+0,
-1.250000e-2,-1.24e+0,
-1.240000e-2,6.20e-1,
-1.230000e-2,6.00e-1,
-1.220000e-2,1.34e+0,
-1.210000e-2,1.20e+0,
-1.200000e-2,-1.60e-1,
-1.190000e-2,-1.00e-1,
-1.180000e-2,-7.00e-1,
-1.170000e-2,-5.00e-1,
-1.160000e-2,2.80e-1,
-1.150000e-2,1.80e-1,
-1.140000e-2,4.40e-1,
-1.130000e-2,3.40e-1,
-1.120000e-2,-2.20e-1,
-1.110000e-2,-1.80e-1,
-1.100000e-2,6.00e-2,
-1.090000e-2,0.00e+0,
-1.080000e-2,8.40e-1,
-1.070000e-2,8.00e-1,
-1.060000e-2,2.00e-1,
-1.050000e-2,2.60e-1,
-1.040000e-2,-1.02e+0,
-1.030000e-2,-1.00e+0,
-1.020000e-2,-1.24e+0,
-1.010000e-2,-9.20e-1,
-1.000000e-2,1.12e+0,
-9.900000e-3,1.08e+0,
-9.800000e-3,1.80e+0,
-9.700000e-3,1.56e+0,
-9.600000e-3,-1.22e+0,
-9.500000e-3,-1.12e+0,
-9.400000e-3,-1.36e+0,
-9.300000e-3,-1.18e+0,
-9.200000e-3,4.60e-1,
-9.100000e-3,4.60e-1,
-9.000000e-3,1.70e+0,
-8.900000e-3,1.70e+0,
-8.800000e-3,6.60e-1,
-8.700000e-3,6.60e-1,
-8.600000e-3,-1.00e+0,
-8.500000e-3,-9.60e-1,
-8.400000e-3,-5.20e-1,
-8.300000e-3,-5.20e-1,
-8.200000e-3,5.40e-1,
-8.100000e-3,5.20e-1,
-8.000000e-3,8.60e-1,
-7.900000e-3,5.80e-1,
-7.800000e-3,-1.40e-1,
-7.700000e-3,-1.40e-1,
-7.600000e-3,1.00e-1,
-7.500000e-3,8.00e-2,
-7.400000e-3,4.40e-1,
-7.300000e-3,3.60e-1,
-7.200000e-3,-3.40e-1,
-7.100000e-3,-3.40e-1,
-7.000000e-3,-7.00e-1,
-6.900000e-3,-3.60e-1,
-6.800000e-3,9.60e-1,
-6.700000e-3,9.40e-1,
-6.600000e-3,1.40e+0,
-6.500000e-3,1.24e+0,
-6.400000e-3,-4.20e-1,
-6.300000e-3,-4.00e-1,
-6.200000e-3,-1.28e+0,
-6.100000e-3,-1.24e+0,
-6.000000e-3,-3.80e-1,
-5.900000e-3,-3.80e-1,
-5.800000e-3,1.60e+0,
-5.700000e-3,1.84e+0,
-5.600000e-3,1.38e+0,
-5.500000e-3,1.38e+0,
-5.400000e-3,-9.20e-1,
-5.300000e-3,-9.20e-1,
-5.200000e-3,-1.30e+0,
-5.100000e-3,-8.60e-1,
-5.000000e-3,5.40e-1,
-4.900000e-3,5.20e-1,
-4.800000e-3,1.40e+0,
-4.700000e-3,1.36e+0,
-4.600000e-3,8.00e-2,
-4.500000e-3,1.00e-1,
-4.400000e-3,-7.20e-1,
-4.300000e-3,-7.00e-1,
-4.200000e-3,1.20e-1,
-4.100000e-3,1.00e-1,
-4.000000e-3,4.60e-1,
-3.900000e-3,2.40e-1,
-3.800000e-3,-2.40e-1,
-3.700000e-3,-1.20e-1,
-3.600000e-3,1.60e-1,
-3.500000e-3,1.40e-1,
-3.400000e-3,7.80e-1,
-3.300000e-3,7.40e-1,
-3.200000e-3,-2.00e-2,
-3.100000e-3,4.00e-2,
-3.000000e-3,-8.80e-1,
-2.900000e-3,-1.14e+0,
-2.800000e-3,-6.00e-1,
-2.700000e-3,-6.40e-1,
-2.600000e-3,1.30e+0,
-2.500000e-3,1.72e+0,
-2.400000e-3,1.06e+0,
-2.300000e-3,1.10e+0,
-2.200000e-3,-1.10e+0,
-2.100000e-3,-1.08e+0,
-2.000000e-3,-1.32e+0,
-1.900000e-3,-1.26e+0,
-1.800000e-3,8.00e-2,
-1.700000e-3,8.00e-2,
-1.600000e-3,1.78e+0,
-1.500000e-3,1.70e+0,
-1.400000e-3,2.40e-1,
-1.300000e-3,3.20e-1,
-1.200000e-3,-1.10e+0,
-1.100000e-3,-1.28e+0,
-1.000000e-3,-2.80e-1,
-9.000000e-4,-3.00e-1,
-8.000000e-4,9.40e-1,
-7.000000e-4,8.80e-1,
-6.000000e-4,2.60e-1,
-5.000000e-4,2.60e-1,
-4.000000e-4,-3.00e-1,
-3.000000e-4,-2.00e-1,
-2.000000e-4,2.00e-1,
-1.000000e-4,1.40e-1,
-5.721362e-15,4.40e-1,
1.000000e-4,2.60e-1,
2.000000e-4,-5.40e-1,
3.000000e-4,-4.40e-1,
4.000000e-4,-6.80e-1,
5.000000e-4,-4.80e-1,
6.000000e-4,7.00e-1,
7.000000e-4,6.60e-1,
8.000000e-4,1.34e+0,
9.000000e-4,1.20e+0,
1.000000e-3,-1.20e-1,
1.100000e-3,-8.00e-2,
1.200000e-3,-1.28e+0,
1.300000e-3,-1.18e+0,
1.400000e-3,3.60e-1,
1.500000e-3,3.60e-1,
1.600000e-3,1.66e+0,
1.700000e-3,1.66e+0,
1.800000e-3,1.28e+0,
1.900000e-3,1.28e+0,
2.000000e-3,-1.00e+0,
2.100000e-3,-1.00e+0,
2.200000e-3,-1.30e+0,
2.300000e-3,-9.40e-1,
2.400000e-3,7.20e-1,
2.500000e-3,7.00e-1,
2.600000e-3,1.46e+0,
2.700000e-3,1.36e+0,
2.800000e-3,-4.00e-1,
2.900000e-3,-4.00e-1,
3.000000e-3,-8.20e-1,
3.100000e-3,-7.80e-1,
3.200000e-3,2.00e-1,
3.300000e-3,2.00e-1,
3.400000e-3,4.80e-1,
3.500000e-3,3.00e-1,
3.600000e-3,-1.60e-1,
3.700000e-3,-1.40e-1,
3.800000e-3,-1.40e-1,
3.900000e-3,-4.00e-2,
4.000000e-3,7.20e-1,
4.100000e-3,7.00e-1,
4.200000e-3,3.40e-1,
4.300000e-3,3.60e-1,
4.400000e-3,-9.40e-1,
4.500000e-3,-9.20e-1,
4.600000e-3,1.00e-1,
4.700000e-3,1.00e-1,
4.800000e-3,1.54e+0,
4.900000e-3,1.50e+0,
5.000000e-3,1.10e+0,
5.100000e-3,1.10e+0,
5.200000e-3,-1.00e+0,
5.300000e-3,-1.00e+0,
5.400000e-3,-1.34e+0,
5.500000e-3,-1.24e+0,
5.600000e-3,2.00e-1,
5.700000e-3,1.80e-1,
5.800000e-3,1.78e+0,
5.900000e-3,1.70e+0,
6.000000e-3,-3.00e-1,
6.100000e-3,-3.00e-1,
6.200000e-3,-1.26e+0,
6.300000e-3,-1.22e+0,
6.400000e-3,-7.40e-1,
6.500000e-3,-7.60e-1,
6.600000e-3,8.00e-1,
6.700000e-3,1.02e+0,
6.800000e-3,4.80e-1,
6.900000e-3,5.00e-1,
7.000000e-3,-2.00e-1,
7.100000e-3,-1.60e-1,
7.200000e-3,-1.60e-1,
7.300000e-3,-1.20e-1,
7.400000e-3,3.60e-1,
7.500000e-3,2.00e-1,
7.600000e-3,-3.60e-1,
7.700000e-3,-3.40e-1,
7.800000e-3,-5.80e-1,
7.900000e-3,-3.60e-1,
8.000000e-3,6.00e-1,
8.100000e-3,5.40e-1,
8.200000e-3,1.32e+0,
8.300000e-3,9.20e-1,
8.400000e-3,-2.80e-1,
8.500000e-3,-2.80e-1,
8.600000e-3,-1.36e+0,
8.700000e-3,-1.16e+0,
8.800000e-3,2.00e-1,
8.900000e-3,1.80e-1,
9.000000e-3,1.90e+0,
9.100000e-3,1.78e+0,
9.200000e-3,1.60e-1,
9.300000e-3,2.00e-1,
9.400000e-3,-1.32e+0,
9.500000e-3,-1.22e+0,
9.600000e-3,-7.00e-1,
9.700000e-3,-7.80e-1,
9.800000e-3,1.22e+0,
9.900000e-3,1.16e+0,
1.000000e-2,1.54e+0,
1.010000e-2,1.04e+0,
1.020000e-2,0.00e+0,
1.030000e-2,4.00e-2,
1.040000e-2,-9.80e-1,
1.050000e-2,-8.80e-1,
1.060000e-2,4.00e-2,
1.070000e-2,4.00e-2,
1.080000e-2,5.60e-1,
1.090000e-2,4.20e-1,
1.100000e-2,-1.40e-1,
1.110000e-2,-1.40e-1,
1.120000e-2,1.20e-1,
1.130000e-2,1.20e-1,
1.140000e-2,6.20e-1,
1.150000e-2,5.80e-1,
1.160000e-2,8.00e-2,
1.170000e-2,1.20e-1,
1.180000e-2,-9.80e-1,
1.190000e-2,-9.60e-1,
1.200000e-2,-5.20e-1,
1.210000e-2,-5.20e-1,
1.220000e-2,1.26e+0,
1.230000e-2,1.62e+0,
1.240000e-2,6.80e-1,
1.250000e-2,7.00e-1,
1.260000e-2,-7.80e-1,
1.270000e-2,-7.80e-1,
1.280000e-2,-1.30e+0,
1.290000e-2,-1.16e+0,
1.300000e-2,7.60e-1,
1.310000e-2,7.60e-1,
1.320000e-2,1.80e+0,
1.330000e-2,1.58e+0,
1.340000e-2,1.80e-1,
1.350000e-2,2.00e-1,
1.360000e-2,-1.24e+0,
1.370000e-2,-1.22e+0,
1.380000e-2,-3.40e-1,
1.390000e-2,-3.40e-1,
1.400000e-2,1.10e+0,
1.410000e-2,1.08e+0,
1.420000e-2,2.80e-1,
1.430000e-2,2.80e-1,
1.440000e-2,-3.80e-1,
1.450000e-2,-3.60e-1,
1.460000e-2,-1.00e-1,
1.470000e-2,-1.40e-1,
1.480000e-2,3.40e-1,
1.490000e-2,2.40e-1,
1.500000e-2,-3.00e-1,
1.510000e-2,-3.00e-1,
1.520000e-2,-3.00e-1,
1.530000e-2,-3.60e-1,
1.540000e-2,6.00e-1,
1.550000e-2,6.00e-1,
1.560000e-2,1.20e+0,
1.570000e-2,9.00e-1,
1.580000e-2,-7.40e-1,
1.590000e-2,-7.00e-1,
1.600000e-2,-1.30e+0,
1.610000e-2,-1.18e+0,
1.620000e-2,1.00e-1,
1.630000e-2,6.00e-2,
1.640000e-2,1.84e+0,
1.650000e-2,1.76e+0,
1.660000e-2,1.80e-1,
1.670000e-2,2.00e-1,
1.680000e-2,-1.32e+0,
1.690000e-2,-1.26e+0,
1.700000e-2,-1.00e+0,
1.710000e-2,-1.02e+0,
1.720000e-2,1.46e+0,
1.730000e-2,1.44e+0,
1.740000e-2,9.80e-1,
1.750000e-2,9.80e-1,
1.760000e-2,-7.20e-1,
1.770000e-2,-7.20e-1,
1.780000e-2,-9.80e-1,
1.790000e-2,-7.00e-1,
1.800000e-2,4.80e-1,
1.810000e-2,4.20e-1,
1.820000e-2,6.60e-1,
1.830000e-2,3.40e-1,
1.840000e-2,-2.00e-1,
1.850000e-2,-1.40e-1,
1.860000e-2,2.60e-1,
1.870000e-2,1.80e-1,
1.880000e-2,6.60e-1,
1.890000e-2,5.60e-1,
1.900000e-2,-3.60e-1,
1.910000e-2,-2.60e-1,
1.920000e-2,-1.00e+0,
1.930000e-2,-8.80e-1,
1.940000e-2,3.20e-1,
1.950000e-2,2.60e-1,
1.960000e-2,1.54e+0,
1.970000e-2,1.48e+0,
1.980000e-2,8.00e-1,
1.990000e-2,8.00e-1,
2.000000e-2,-1.34e+0,
2.010000e-2,-1.24e+0,
2.020000e-2,-9.20e-1,
2.030000e-2,-1.00e+0,
2.040000e-2,1.24e+0,
2.050000e-2,1.22e+0,
2.060000e-2,1.86e+0,
2.070000e-2,1.78e+0,
2.080000e-2,-1.00e-1,
2.090000e-2,-8.00e-2,
2.100000e-2,-1.28e+0,
2.110000e-2,-1.22e+0,
2.120000e-2,0.00e+0,
2.130000e-2,0.00e+0,
2.140000e-2,1.14e+0,
2.150000e-2,1.12e+0,
2.160000e-2,3.80e-1,
2.170000e-2,3.80e-1,
2.180000e-2,-4.40e-1,
2.190000e-2,-4.20e-1,
2.200000e-2,6.00e-2,
2.210000e-2,6.00e-2,
2.220000e-2,3.40e-1,
2.230000e-2,3.00e-1,
2.240000e-2,-1.60e-1,
2.250000e-2,-1.40e-1,
2.260000e-2,-4.20e-1,
2.270000e-2,-3.40e-1,
2.280000e-2,6.20e-1,
2.290000e-2,6.20e-1,
2.300000e-2,1.08e+0,
2.310000e-2,7.60e-1,
2.320000e-2,-9.00e-1,
2.330000e-2,-9.00e-1,
2.340000e-2,-1.24e+0,
2.350000e-2,-1.22e+0,
2.360000e-2,6.00e-1,
2.370000e-2,5.80e-1,
2.380000e-2,1.76e+0,
2.390000e-2,1.74e+0,
2.400000e-2,-2.00e-1,
2.410000e-2,-2.00e-1,
2.420000e-2,-1.30e+0,
2.430000e-2,-1.26e+0,
2.440000e-2,-2.60e-1,
2.450000e-2,-2.60e-1,
2.460000e-2,1.26e+0,
2.470000e-2,1.26e+0,
2.480000e-2,1.62e+0,
2.490000e-2,1.14e+0,
2.500000e-2,-8.40e-1,
2.510000e-2,-8.40e-1,
2.520000e-2,-1.06e+0,
2.530000e-2,-8.00e-1,
2.540000e-2,3.80e-1,
2.550000e-2,3.40e-1,
2.560000e-2,7.20e-1,
2.570000e-2,5.60e-1,
2.580000e-2,-2.00e-2,
2.590000e-2,-2.00e-2,
2.600000e-2,-2.00e-2,
2.610000e-2,0.00e+0,
2.620000e-2,5.40e-1,
2.630000e-2,5.20e-1,
2.640000e-2,-1.40e-1,
2.650000e-2,-1.00e-1,
2.660000e-2,-8.20e-1,
2.670000e-2,-8.20e-1,
2.680000e-2,-1.00e-1,
2.690000e-2,-1.00e-1,
2.700000e-2,1.34e+0,
2.710000e-2,1.34e+0,
2.720000e-2,2.60e-1,
2.730000e-2,2.80e-1,
2.740000e-2,-1.24e+0,
2.750000e-2,-1.20e+0,
2.760000e-2,-7.80e-1,
2.770000e-2,-8.40e-1,
2.780000e-2,1.42e+0,
2.790000e-2,1.40e+0,
2.800000e-2,1.86e+0,
2.810000e-2,1.74e+0,
2.820000e-2,6.00e-2,
2.830000e-2,1.60e-1,
2.840000e-2,-1.36e+0,
2.850000e-2,-1.20e+0,
2.860000e-2,2.00e-2,
2.870000e-2,-2.00e-2,
2.880000e-2,1.16e+0,
2.890000e-2,1.14e+0,
2.900000e-2,4.20e-1,
2.910000e-2,5.40e-1,
2.920000e-2,-6.00e-1,
2.930000e-2,-5.00e-1,
2.940000e-2,4.00e-2,
2.950000e-2,2.00e-2,
2.960000e-2,3.80e-1,
2.970000e-2,3.20e-1,
2.980000e-2,-2.80e-1,
2.990000e-2,-2.00e-1,
3.000000e-2,-2.00e-1,
3.010000e-2,-8.00e-2,
3.020000e-2,9.40e-1,
3.030000e-2,8.60e-1,
3.040000e-2,8.60e-1,
3.050000e-2,8.20e-1,
3.060000e-2,-9.80e-1,
3.070000e-2,-9.40e-1,
3.080000e-2,-1.26e+0,
3.090000e-2,-1.18e+0,
3.100000e-2,1.18e+0,
3.110000e-2,1.16e+0,
3.120000e-2,1.78e+0,
3.130000e-2,1.54e+0,
3.140000e-2,-4.40e-1,
3.150000e-2,-4.40e-1,
3.160000e-2,-1.32e+0,
3.170000e-2,-1.26e+0,
3.180000e-2,-5.00e-1,
3.190000e-2,-5.00e-1,
3.200000e-2,1.60e+0,
3.210000e-2,1.60e+0,
3.220000e-2,1.28e+0,
3.230000e-2,1.30e+0,
3.240000e-2,-9.00e-1,
3.250000e-2,-8.60e-1,
3.260000e-2,-1.08e+0,
3.270000e-2,-9.20e-1,
3.280000e-2,3.80e-1,
3.290000e-2,3.40e-1,
3.300000e-2,7.80e-1,
3.310000e-2,5.40e-1,
3.320000e-2,4.00e-2,
3.330000e-2,8.00e-2,
3.340000e-2,-1.80e-1,
3.350000e-2,6.00e-2,
3.360000e-2,5.00e-1,
3.370000e-2,4.20e-1,
3.380000e-2,-2.00e-2,
3.390000e-2,0.00e+0,
3.400000e-2,-8.00e-1,
3.410000e-2,-7.40e-1,
3.420000e-2,2.40e-1,
3.430000e-2,2.20e-1,
3.440000e-2,1.30e+0,
3.450000e-2,1.26e+0,
3.460000e-2,5.80e-1,
3.470000e-2,6.00e-1,
3.480000e-2,-1.26e+0,
3.490000e-2,-1.22e+0,
3.500000e-2,-5.00e-1,
3.510000e-2,-5.00e-1,
3.520000e-2,1.12e+0,
3.530000e-2,1.12e+0,
3.540000e-2,1.86e+0,
3.550000e-2,1.68e+0,
3.560000e-2,-9.40e-1,
3.570000e-2,-9.40e-1,
3.580000e-2,-1.30e+0,
3.590000e-2,-1.22e+0,
3.600000e-2,-2.00e-1,
3.610000e-2,-2.20e-1,
3.620000e-2,1.34e+0,
3.630000e-2,1.30e+0,
3.640000e-2,3.00e-1,
3.650000e-2,3.20e-1,
3.660000e-2,-6.20e-1,
3.670000e-2,-6.20e-1,
3.680000e-2,-6.00e-2,
3.690000e-2,-6.00e-2,
3.700000e-2,3.80e-1,
3.710000e-2,3.40e-1,
3.720000e-2,-8.00e-2,
3.730000e-2,-6.00e-2,
3.740000e-2,-3.00e-1,
3.750000e-2,-1.00e-1,
3.760000e-2,6.00e-1,
3.770000e-2,5.80e-1,
3.780000e-2,9.60e-1,
3.790000e-2,6.40e-1,
3.800000e-2,-9.80e-1,
3.810000e-2,-9.60e-1,
3.820000e-2,-1.24e+0,
3.830000e-2,-9.20e-1,
3.840000e-2,4.00e-1,
3.850000e-2,3.60e-1,
3.860000e-2,1.80e+0,
3.870000e-2,1.74e+0,
3.880000e-2,3.00e-1,
3.890000e-2,4.00e-1,
3.900000e-2,-1.36e+0,
3.910000e-2,-1.26e+0,
3.920000e-2,-2.60e-1,
3.930000e-2,-3.20e-1,
3.940000e-2,1.72e+0,
3.950000e-2,1.70e+0,
3.960000e-2,6.00e-1,
3.970000e-2,6.00e-1,
3.980000e-2,-6.80e-1,
3.990000e-2,-5.40e-1,
4.000000e-2,-1.22e+0,
4.010000e-2,-7.80e-1,
4.020000e-2,5.40e-1,
4.030000e-2,4.40e-1,
4.040000e-2,9.00e-1,
4.050000e-2,8.00e-1,
4.060000e-2,2.00e-2,
4.070000e-2,2.00e-2,
4.080000e-2,-2.80e-1,
4.090000e-2,-2.00e-2,
4.100000e-2,4.00e-1,
4.110000e-2,3.40e-1,
4.120000e-2,-2.00e-1,
4.130000e-2,-2.00e-1,
4.140000e-2,-7.00e-1,
4.150000e-2,-6.80e-1,
4.160000e-2,6.60e-1,
4.170000e-2,6.60e-1,
4.180000e-2,1.38e+0,
4.190000e-2,1.34e+0,
4.200000e-2,4.80e-1,
4.210000e-2,5.00e-1,
4.220000e-2,-1.22e+0,
4.230000e-2,-1.22e+0,
4.240000e-2,-5.80e-1,
4.250000e-2,-5.80e-1,
4.260000e-2,1.44e+0,
4.270000e-2,1.44e+0,
4.280000e-2,1.84e+0,
4.290000e-2,1.70e+0,
4.300000e-2,-3.60e-1,
4.310000e-2,-3.40e-1,
4.320000e-2,-1.30e+0,
4.330000e-2,-1.20e+0,
4.340000e-2,4.60e-1,
4.350000e-2,4.60e-1,
4.360000e-2,1.38e+0,
4.370000e-2,1.30e+0,
4.380000e-2,1.00e-1,
4.390000e-2,1.00e-1,
4.400000e-2,-7.20e-1,
4.410000e-2,-6.60e-1,
4.420000e-2,8.00e-2,
4.430000e-2,6.00e-2,
4.440000e-2,4.20e-1,
4.450000e-2,3.60e-1,
4.460000e-2,-4.00e-2,
4.470000e-2,0.00e+0,
4.480000e-2,-2.60e-1,
4.490000e-2,-1.00e-1,
4.500000e-2,7.80e-1,
4.510000e-2,7.40e-1,
4.520000e-2,4.00e-1,
4.530000e-2,4.40e-1,
4.540000e-2,-9.00e-1,
4.550000e-2,-8.40e-1,
4.560000e-2,-1.16e+0,
4.570000e-2,-1.02e+0,
4.580000e-2,8.60e-1,
4.590000e-2,8.40e-1,
4.600000e-2,1.72e+0,
4.610000e-2,1.50e+0,
4.620000e-2,-3.60e-1,
4.630000e-2,-3.60e-1,
4.640000e-2,-1.32e+0,
4.650000e-2,-1.26e+0,
4.660000e-2,-4.00e-2,
4.670000e-2,-4.00e-2,
4.680000e-2,1.54e+0,
4.690000e-2,1.54e+0,
4.700000e-2,3.20e-1,
4.710000e-2,3.60e-1,
4.720000e-2,-1.16e+0,
4.730000e-2,-1.12e+0,
4.740000e-2,-5.80e-1,
4.750000e-2,-6.40e-1,
4.760000e-2,3.60e-1,
4.770000e-2,3.40e-1,
4.780000e-2,9.40e-1,
4.790000e-2,8.00e-1,
4.800000e-2,-1.80e-1,
4.810000e-2,-1.20e-1,
4.820000e-2,-3.40e-1,
4.830000e-2,-1.60e-1,
4.840000e-2,4.60e-1,
4.850000e-2,3.60e-1,
4.860000e-2,-4.20e-1,
4.870000e-2,-2.40e-1,
4.880000e-2,-7.00e-1,
4.890000e-2,-6.20e-1,
4.900000e-2,4.40e-1,
4.910000e-2,3.20e-1,
4.920000e-2,1.28e+0,
4.930000e-2,1.28e+0,
4.940000e-2,2.40e-1,
4.950000e-2,3.40e-1,
4.960000e-2,-1.32e+0,
4.970000e-2,-1.24e+0,
4.980000e-2,-8.80e-1,
4.990000e-2,-9.20e-1,
5.000000e-2,1.42e+0,
5.010000e-2,1.34e+0,
5.020000e-2,1.88e+0,
5.030000e-2,1.34e+0,
5.040000e-2,-9.20e-1,
5.050000e-2,-8.40e-1,
5.060000e-2,-1.34e+0,
5.070000e-2,-1.08e+0,
5.080000e-2,3.80e-1,
5.090000e-2,3.60e-1,
5.100000e-2,1.46e+0,
5.110000e-2,1.36e+0,
5.120000e-2,-1.60e-1,
5.130000e-2,-1.60e-1,
5.140000e-2,-8.00e-1,
5.150000e-2,-7.20e-1,
5.160000e-2,-2.80e-1,
5.170000e-2,-2.80e-1,
5.180000e-2,5.00e-1,
5.190000e-2,4.20e-1,
5.200000e-2,1.00e-1,
5.210000e-2,1.20e-1,
5.220000e-2,-1.80e-1,
5.230000e-2,-6.00e-2,
5.240000e-2,7.20e-1,
5.250000e-2,7.00e-1,
5.260000e-2,3.20e-1,
5.270000e-2,3.40e-1,
5.280000e-2,-8.40e-1,
5.290000e-2,-8.20e-1,
5.300000e-2,-1.06e+0,
5.310000e-2,-9.00e-1,
5.320000e-2,8.60e-1,
5.330000e-2,8.60e-1,
5.340000e-2,1.66e+0,
5.350000e-2,1.58e+0,
5.360000e-2,-6.00e-1,
5.370000e-2,-6.00e-1,
5.380000e-2,-1.30e+0,
5.390000e-2,-1.24e+0,
5.400000e-2,1.80e-1,
5.410000e-2,1.80e-1,
5.420000e-2,1.70e+0,
5.430000e-2,1.66e+0,
5.440000e-2,7.00e-1,
5.450000e-2,7.20e-1,
5.460000e-2,-1.24e+0,
5.470000e-2,-1.20e+0,
5.480000e-2,-7.20e-1,
5.490000e-2,-7.20e-1,
5.500000e-2,5.20e-1,
5.510000e-2,5.20e-1,
5.520000e-2,1.02e+0,
5.530000e-2,7.60e-1,
5.540000e-2,-2.00e-2,
5.550000e-2,4.00e-2,
5.560000e-2,-3.60e-1,
5.570000e-2,-2.00e-1,
5.580000e-2,3.60e-1,
5.590000e-2,3.00e-1,
5.600000e-2,-1.40e-1,
5.610000e-2,-1.20e-1,
5.620000e-2,-5.40e-1,
5.630000e-2,-5.40e-1,
5.640000e-2,4.80e-1,
5.650000e-2,4.80e-1,
5.660000e-2,1.22e+0,
5.670000e-2,1.22e+0,
5.680000e-2,2.20e-1,
5.690000e-2,2.40e-1,
5.700000e-2,-1.28e+0,
5.710000e-2,-1.24e+0,
5.720000e-2,8.00e-2,
5.730000e-2,6.00e-2,
5.740000e-2,1.64e+0,
5.750000e-2,1.64e+0,
5.760000e-2,1.64e+0,
5.770000e-2,1.52e+0,
5.780000e-2,-8.00e-1,
5.790000e-2,-7.80e-1,
5.800000e-2,-1.34e+0,
5.810000e-2,-1.22e+0,
5.820000e-2,2.20e-1,
5.830000e-2,1.80e-1,
5.840000e-2,1.56e+0,
5.850000e-2,1.46e+0,
5.860000e-2,-2.20e-1,
5.870000e-2,-2.00e-1,
5.880000e-2,-9.00e-1,
5.890000e-2,-8.00e-1,
5.900000e-2,-2.80e-1,
5.910000e-2,-3.40e-1,
5.920000e-2,5.80e-1,
5.930000e-2,5.80e-1,
5.940000e-2,-6.00e-2,
5.950000e-2,-6.00e-2,
5.960000e-2,-6.00e-2,
5.970000e-2,-8.00e-2,
5.980000e-2,7.00e-1,
5.990000e-2,6.40e-1,
6.000000e-2,-6.00e-2,
6.010000e-2,-6.00e-2,
6.020000e-2,-1.02e+0,
6.030000e-2,-1.02e+0,
6.040000e-2,-3.60e-1,
6.050000e-2,-3.60e-1,
6.060000e-2,1.38e+0,
6.070000e-2,1.34e+0,
6.080000e-2,1.62e+0,
6.090000e-2,1.38e+0,
6.100000e-2,-5.20e-1,
6.110000e-2,-5.20e-1,
6.120000e-2,-1.30e+0,
6.130000e-2,-1.26e+0,
6.140000e-2,-1.60e-1,
6.150000e-2,-1.80e-1,
6.160000e-2,1.78e+0,
6.170000e-2,1.78e+0,
6.180000e-2,6.80e-1,
6.190000e-2,6.80e-1,
6.200000e-2,-1.18e+0,
6.210000e-2,-1.16e+0,
6.220000e-2,-4.60e-1,
6.230000e-2,-4.60e-1,
6.240000e-2,5.80e-1,
6.250000e-2,5.60e-1,
6.260000e-2,1.10e+0,
6.270000e-2,8.80e-1,
6.280000e-2,-3.40e-1,
6.290000e-2,-3.40e-1,
6.300000e-2,-3.40e-1,
6.310000e-2,-2.20e-1,
6.320000e-2,2.60e-1,
6.330000e-2,2.40e-1,
6.340000e-2,-6.00e-2,
6.350000e-2,-6.00e-2,
6.360000e-2,-4.80e-1,
6.370000e-2,-4.40e-1,
6.380000e-2,3.60e-1,
6.390000e-2,3.40e-1,
6.400000e-2,1.16e+0,
6.410000e-2,1.14e+0,
6.420000e-2,-5.40e-1,
6.430000e-2,-5.20e-1,
6.440000e-2,-1.26e+0,
6.450000e-2,-1.22e+0,
6.460000e-2,6.00e-2,
6.470000e-2,6.00e-2,
6.480000e-2,1.78e+0,
6.490000e-2,1.74e+0,
6.500000e-2,5.40e-1,
6.510000e-2,6.00e-1,
6.520000e-2,-1.12e+0,
6.530000e-2,-1.10e+0,
6.540000e-2,-1.34e+0,
6.550000e-2,-1.00e+0,
6.560000e-2,4.00e-1,
6.570000e-2,3.80e-1,
6.580000e-2,1.58e+0,
6.590000e-2,1.48e+0,
6.600000e-2,-3.60e-1,
6.610000e-2,-3.20e-1,
6.620000e-2,-9.80e-1,
6.630000e-2,-9.40e-1,
6.640000e-2,2.00e-2,
6.650000e-2,2.00e-2,
6.660000e-2,6.20e-1,
6.670000e-2,5.60e-1,
6.680000e-2,1.00e-1,
6.690000e-2,1.60e-1,
6.700000e-2,-1.80e-1,
6.710000e-2,-1.00e-1,
6.720000e-2,4.80e-1,
6.730000e-2,4.20e-1,
6.740000e-2,6.40e-1,
6.750000e-2,2.60e-1,
6.760000e-2,-9.20e-1,
6.770000e-2,-8.80e-1,
6.780000e-2,-4.80e-1,
6.790000e-2,-4.80e-1,
6.800000e-2,1.30e+0,
6.810000e-2,1.24e+0,
6.820000e-2,1.62e+0,
6.830000e-2,1.22e+0,
6.840000e-2,-1.18e+0,
6.850000e-2,-1.18e+0,
6.860000e-2,-1.18e+0,
6.870000e-2,-1.26e+0,
6.880000e-2,8.60e-1,
6.890000e-2,8.40e-1,
6.900000e-2,1.88e+0,
6.910000e-2,1.76e+0,
6.920000e-2,-2.00e-1,
6.930000e-2,-1.40e-1,
6.940000e-2,-1.34e+0,
6.950000e-2,-1.20e+0,
6.960000e-2,-1.40e-1,
6.970000e-2,-1.80e-1,
6.980000e-2,1.10e+0,
6.990000e-2,1.04e+0,
7.000000e-2,4.80e-1,
7.010000e-2,5.20e-1,
7.020000e-2,-4.80e-1,
7.030000e-2,-4.00e-1,
7.040000e-2,-4.00e-1,
7.050000e-2,-2.60e-1,
7.060000e-2,3.60e-1,
7.070000e-2,3.60e-1,
7.080000e-2,2.00e-2,
7.090000e-2,4.00e-2,
7.100000e-2,-4.20e-1,
7.110000e-2,-2.40e-1,
7.120000e-2,7.40e-1,
7.130000e-2,7.40e-1,
7.140000e-2,1.08e+0,
7.150000e-2,1.02e+0,
7.160000e-2,-3.00e-1,
7.170000e-2,-2.80e-1,
7.180000e-2,-1.22e+0,
7.190000e-2,-1.22e+0,
7.200000e-2,3.60e-1,
7.210000e-2,3.40e-1,
7.220000e-2,1.66e+0,
7.230000e-2,1.64e+0,
7.240000e-2,1.00e+0,
7.250000e-2,1.02e+0,
7.260000e-2,-1.14e+0,
7.270000e-2,-1.12e+0,
7.280000e-2,-1.12e+0,
7.290000e-2,-1.18e+0,
7.300000e-2,1.32e+0,
7.310000e-2,1.28e+0,
7.320000e-2,1.62e+0,
7.330000e-2,1.26e+0,
7.340000e-2,1.60e-1,
7.350000e-2,1.60e-1,
7.360000e-2,-1.02e+0,
7.370000e-2,-9.60e-1,
7.380000e-2,-2.20e-1,
7.390000e-2,-2.40e-1,
7.400000e-2,6.80e-1,
7.410000e-2,6.60e-1,
7.420000e-2,1.40e-1,
7.430000e-2,1.40e-1,
7.440000e-2,-1.80e-1,
7.450000e-2,-6.00e-2,
7.460000e-2,4.40e-1,
7.470000e-2,4.20e-1,
7.480000e-2,4.20e-1,
7.490000e-2,3.40e-1,
7.500000e-2,-7.60e-1,
7.510000e-2,-7.40e-1,
7.520000e-2,-1.40e-1,
7.530000e-2,-1.40e-1,
7.540000e-2,1.44e+0,
7.550000e-2,1.44e+0,
7.560000e-2,9.00e-1,
7.570000e-2,9.40e-1,
7.580000e-2,-1.10e+0,
7.590000e-2,-1.10e+0,
7.600000e-2,-1.32e+0,
7.610000e-2,-1.00e+0,
7.620000e-2,1.00e+0,
7.630000e-2,9.60e-1,
7.640000e-2,1.86e+0,
7.650000e-2,1.78e+0,
7.660000e-2,4.40e-1,
7.670000e-2,4.40e-1,
7.680000e-2,-1.26e+0,
7.690000e-2,-1.22e+0,
7.700000e-2,-3.00e-1,
7.710000e-2,-3.20e-1,
7.720000e-2,1.20e+0,
7.730000e-2,1.18e+0,
7.740000e-2,7.40e-1,
7.750000e-2,7.40e-1,
7.760000e-2,-2.20e-1,
7.770000e-2,-1.80e-1,
7.780000e-2,-5.80e-1,
7.790000e-2,-4.20e-1,
7.800000e-2,3.60e-1,
7.810000e-2,3.00e-1,
7.820000e-2,-6.00e-2,
7.830000e-2,-4.00e-2,
7.840000e-2,-4.00e-1,
7.850000e-2,-1.80e-1,
7.860000e-2,7.80e-1,
7.870000e-2,6.60e-1,
7.880000e-2,1.04e+0,
7.890000e-2,9.20e-1,
7.900000e-2,-5.20e-1,
7.910000e-2,-4.80e-1,
7.920000e-2,-1.30e+0,
7.930000e-2,-1.18e+0,
7.940000e-2,-8.00e-2,
7.950000e-2,-8.00e-2,
7.960000e-2,1.78e+0,
7.970000e-2,1.70e+0,
7.980000e-2,1.00e+0,
7.990000e-2,1.10e+0,
8.000000e-2,-1.28e+0,
8.010000e-2,-1.38e+0,
8.020000e-2,-6.20e-1,
8.030000e-2,-6.20e-1,
8.040000e-2,1.02e+0,
8.050000e-2,1.02e+0,
8.060000e-2,1.70e+0,
8.070000e-2,1.36e+0,
8.080000e-2,-2.00e-1,
8.090000e-2,-2.00e-1,
8.100000e-2,-1.10e+0,
8.110000e-2,-1.02e+0,
8.120000e-2,4.00e-2,
8.130000e-2,2.00e-2,
8.140000e-2,7.60e-1,
8.150000e-2,7.40e-1,
8.160000e-2,1.40e-1,
8.170000e-2,1.40e-1,
8.180000e-2,-2.00e-1,
8.190000e-2,-8.00e-2,
8.200000e-2,4.00e-1,
8.210000e-2,4.00e-1,
8.220000e-2,-1.40e-1,
8.230000e-2,-1.20e-1,
8.240000e-2,-8.00e-1,
8.250000e-2,-7.60e-1,
8.260000e-2,4.00e-2,
8.270000e-2,2.00e-2,
8.280000e-2,1.10e+0,
8.290000e-2,1.44e+0,
8.300000e-2,5.20e-1,
8.310000e-2,5.20e-1,
8.320000e-2,-1.10e+0,
8.330000e-2,-1.08e+0,
8.340000e-2,-1.08e+0,
8.350000e-2,-1.22e+0,
8.360000e-2,9.60e-1,
8.370000e-2,9.40e-1,
8.380000e-2,1.84e+0,
8.390000e-2,1.68e+0,
8.400000e-2,-4.60e-1,
8.410000e-2,-4.60e-1,
8.420000e-2,-1.30e+0,
8.430000e-2,-1.22e+0,
8.440000e-2,-4.80e-1,
8.450000e-2,-4.80e-1,
8.460000e-2,1.18e+0,
8.470000e-2,1.16e+0,
8.480000e-2,6.00e-1,
8.490000e-2,6.40e-1,
8.500000e-2,-5.20e-1,
8.510000e-2,-4.80e-1,
8.520000e-2,-4.80e-1,
8.530000e-2,-3.20e-1,
8.540000e-2,2.60e-1,
8.550000e-2,2.40e-1,
8.560000e-2,2.40e-1,
8.570000e-2,1.60e-1,
8.580000e-2,-3.40e-1,
8.590000e-2,-2.00e-1,
8.600000e-2,7.40e-1,
8.610000e-2,6.80e-1,
8.620000e-2,9.80e-1,
8.630000e-2,7.80e-1,
8.640000e-2,-5.80e-1,
8.650000e-2,-5.40e-1,
8.660000e-2,-1.24e+0,
8.670000e-2,-1.12e+0,
8.680000e-2,6.20e-1,
8.690000e-2,5.80e-1,
8.700000e-2,1.60e+0,
8.710000e-2,1.58e+0,
8.720000e-2,6.40e-1,
8.730000e-2,6.60e-1,
8.740000e-2,-1.30e+0,
8.750000e-2,-1.26e+0,
8.760000e-2,-1.26e+0,
8.770000e-2,-1.10e+0,
8.780000e-2,1.48e+0,
8.790000e-2,1.46e+0,
8.800000e-2,1.74e+0,
8.810000e-2,1.52e+0,
8.820000e-2,-2.60e-1,
8.830000e-2,-2.00e-1,
8.840000e-2,-1.26e+0,
8.850000e-2,-9.40e-1,
8.860000e-2,-8.00e-2,
8.870000e-2,-1.20e-1,
8.880000e-2,8.80e-1,
8.890000e-2,8.40e-1,
8.900000e-2,-8.00e-2,
8.910000e-2,-6.00e-2,
8.920000e-2,-3.00e-1,
8.930000e-2,-1.40e-1,
8.940000e-2,3.00e-1,
8.950000e-2,2.40e-1,
8.960000e-2,5.00e-1,
8.970000e-2,1.80e-1,
8.980000e-2,-7.20e-1,
8.990000e-2,-6.20e-1,
9.000000e-2,-2.20e-1,
9.010000e-2,-3.00e-1,
9.020000e-2,1.36e+0,
9.030000e-2,1.30e+0,
9.040000e-2,2.40e-1,
9.050000e-2,3.20e-1,
9.060000e-2,-1.30e+0,
9.070000e-2,-1.28e+0,
9.080000e-2,-1.04e+0,
9.090000e-2,-1.04e+0,
9.100000e-2,7.80e-1,
9.110000e-2,7.60e-1,
9.120000e-2,1.84e+0,
9.130000e-2,1.80e+0,
9.140000e-2,2.40e-1,
9.150000e-2,2.40e-1,
9.160000e-2,-1.30e+0,
9.170000e-2,-1.24e+0,
9.180000e-2,-4.60e-1,
9.190000e-2,-4.60e-1,
9.200000e-2,1.16e+0,
9.210000e-2,1.38e+0,
9.220000e-2,7.80e-1,
9.230000e-2,8.00e-1,
9.240000e-2,-4.80e-1,
9.250000e-2,-7.20e-1,
9.260000e-2,-1.40e-1,
9.270000e-2,-1.60e-1,
9.280000e-2,4.20e-1,
9.290000e-2,4.00e-1,
9.300000e-2,6.00e-2,
9.310000e-2,6.00e-2,
9.320000e-2,-2.20e-1,
9.330000e-2,-1.40e-1,
9.340000e-2,4.60e-1,
9.350000e-2,4.40e-1,
9.360000e-2,8.40e-1,
9.370000e-2,7.40e-1,
9.380000e-2,-5.20e-1,
9.390000e-2,-5.20e-1,
9.400000e-2,-1.12e+0,
9.410000e-2,-1.08e+0,
9.420000e-2,3.00e-1,
9.430000e-2,2.80e-1,
9.440000e-2,1.72e+0,
9.450000e-2,1.68e+0,
9.460000e-2,4.60e-1,
9.470000e-2,4.60e-1,
9.480000e-2,-1.30e+0,
9.490000e-2,-1.26e+0,
9.500000e-2,-6.20e-1,
9.510000e-2,-6.20e-1,
9.520000e-2,1.68e+0,
9.530000e-2,1.64e+0,
9.540000e-2,9.00e-1,
9.550000e-2,9.00e-1,
9.560000e-2,-7.80e-1,
9.570000e-2,-7.80e-1,
9.580000e-2,-1.22e+0,
9.590000e-2,-9.40e-1,
9.600000e-2,5.60e-1,
9.610000e-2,5.40e-1,
9.620000e-2,9.60e-1,
9.630000e-2,9.00e-1,
9.640000e-2,2.00e-1,
9.650000e-2,2.20e-1,
9.660000e-2,-3.00e-1,
9.670000e-2,-2.00e-1,
9.680000e-2,2.60e-1,
9.690000e-2,2.60e-1,
9.700000e-2,-8.00e-2,
9.710000e-2,-6.00e-2,
9.720000e-2,-5.60e-1,
9.730000e-2,-5.60e-1,
9.740000e-2,-2.00e-1,
9.750000e-2,-2.40e-1,
9.760000e-2,1.16e+0,
9.770000e-2,1.36e+0,
9.780000e-2,8.40e-1,
9.790000e-2,8.60e-1,
9.800000e-2,-1.20e+0,
9.810000e-2,-1.18e+0,
9.820000e-2,-5.20e-1,
9.830000e-2,-5.40e-1,
9.840000e-2,1.50e+0,
9.850000e-2,1.42e+0,
9.860000e-2,1.86e+0,
9.870000e-2,1.64e+0,
9.880000e-2,-4.00e-2,
9.890000e-2,-2.00e-2,
9.900000e-2,-1.36e+0,
9.910000e-2,-1.24e+0,
9.920000e-2,-4.40e-1,
9.930000e-2,-5.00e-1,
9.940000e-2,1.42e+0,
9.950000e-2,1.40e+0,
9.960000e-2,5.80e-1,
9.970000e-2,5.80e-1,
9.980000e-2,-8.00e-1,
9.990000e-2,-7.40e-1,
1.000000e-1,-2.20e-1,
1.001000e-1,-2.40e-1,
1.002000e-1,3.60e-1,
1.003000e-1,3.00e-1,
1.004000e-1,5.20e-1,
1.005000e-1,2.20e-1,
1.006000e-1,-2.20e-1,
1.007000e-1,-1.60e-1,
1.008000e-1,5.40e-1,
1.009000e-1,5.00e-1,
1.010000e-1,7.80e-1,
1.011000e-1,7.20e-1,
1.012000e-1,-7.00e-1,
1.013000e-1,-6.80e-1,
1.014000e-1,-1.08e+0,
1.015000e-1,-8.60e-1,
1.016000e-1,1.02e+0,
1.017000e-1,1.00e+0,
1.018000e-1,1.64e+0,
1.019000e-1,1.58e+0,
1.020000e-1,-3.80e-1,
1.021000e-1,-3.60e-1,
1.022000e-1,-1.30e+0,
1.023000e-1,-1.26e+0,
1.024000e-1,-4.00e-2,
1.025000e-1,-4.00e-2,
1.026000e-1,1.56e+0,
1.027000e-1,1.56e+0,
1.028000e-1,1.26e+0,
1.029000e-1,1.28e+0,
1.030000e-1,-8.20e-1,
1.031000e-1,-8.20e-1,
1.032000e-1,-1.24e+0,
1.033000e-1,-1.14e+0,
1.034000e-1,7.20e-1,
1.035000e-1,7.20e-1,
1.036000e-1,1.00e+0,
1.037000e-1,8.20e-1,
1.038000e-1,1.40e-1,
1.039000e-1,1.60e-1,
1.040000e-1,-3.40e-1,
1.041000e-1,-3.00e-1,
1.042000e-1,2.20e-1,
1.043000e-1,2.00e-1,
1.044000e-1,2.00e-1,
1.045000e-1,4.00e-2,
1.046000e-1,-5.20e-1,
1.047000e-1,-4.80e-1,
1.048000e-1,-4.00e-2,
1.049000e-1,-4.00e-2,
1.050000e-1,1.22e+0,
1.051000e-1,1.18e+0,
1.052000e-1,6.60e-1,
1.053000e-1,6.80e-1,
1.054000e-1,-1.30e+0,
1.055000e-1,-1.22e+0,
1.056000e-1,-4.00e-1,
1.057000e-1,-4.00e-1,
1.058000e-1,1.48e+0,
1.059000e-1,1.44e+0,
1.060000e-1,1.86e+0,
1.061000e-1,1.74e+0,
1.062000e-1,-3.00e-1,
1.063000e-1,-2.80e-1,
1.064000e-1,-1.32e+0,
1.065000e-1,-1.26e+0,
1.066000e-1,-1.40e-1,
1.067000e-1,-1.80e-1,
1.068000e-1,1.52e+0,
1.069000e-1,1.46e+0,
1.070000e-1,2.80e-1,
1.071000e-1,2.80e-1,
1.072000e-1,-8.20e-1,
1.073000e-1,-8.20e-1,
1.074000e-1,-3.40e-1,
1.075000e-1,-3.60e-1,
1.076000e-1,3.80e-1,
1.077000e-1,3.80e-1,
1.078000e-1,3.80e-1,
1.079000e-1,3.40e-1,
1.080000e-1,-2.00e-1,
1.081000e-1,-1.00e-1,
1.082000e-1,6.60e-1,
1.083000e-1,6.20e-1,
1.084000e-1,3.40e-1,
1.085000e-1,4.00e-1,
1.086000e-1,-4.00e-1,
1.087000e-1,-2.20e-1,
1.088000e-1,-1.10e+0,
1.089000e-1,-9.40e-1,
1.090000e-1,7.60e-1,
1.091000e-1,7.00e-1,
1.092000e-1,1.62e+0,
1.093000e-1,1.58e+0,
1.094000e-1,1.60e-1,
1.095000e-1,1.80e-1,
1.096000e-1,-1.38e+0,
1.097000e-1,-1.22e+0,
1.098000e-1,-1.20e-1,
1.099000e-1,-2.40e-1,
1.100000e-1,1.70e+0,
1.101000e-1,1.86e+0,
1.102000e-1,1.28e+0,
1.103000e-1,1.28e+0,
1.104000e-1,-1.16e+0,
1.105000e-1,-1.12e+0,
1.106000e-1,-1.12e+0,
1.107000e-1,-1.10e+0,
1.108000e-1,8.00e-1,
1.109000e-1,8.00e-1,
1.110000e-1,1.10e+0,
1.111000e-1,9.60e-1,
1.112000e-1,-2.20e-1,
1.113000e-1,-2.00e-1,
1.114000e-1,-2.00e-1,
1.115000e-1,-2.40e-1,
1.116000e-1,2.40e-1,
1.117000e-1,2.40e-1,
1.118000e-1,0.00e+0,
1.119000e-1,6.00e-2,
1.120000e-1,-4.60e-1,
1.121000e-1,-4.60e-1,
1.122000e-1,3.60e-1,
1.123000e-1,3.60e-1,
1.124000e-1,1.04e+0,
1.125000e-1,1.00e+0,
1.126000e-1,4.80e-1,
1.127000e-1,5.00e-1,
1.128000e-1,-1.08e+0,
1.129000e-1,-1.06e+0,
1.130000e-1,-4.40e-1,
1.131000e-1,-4.40e-1,
1.132000e-1,1.62e+0,
1.133000e-1,1.62e+0,
1.134000e-1,1.62e+0,
1.135000e-1,1.42e+0,
1.136000e-1,-2.80e-1,
1.137000e-1,-2.80e-1,
1.138000e-1,-1.30e+0,
1.139000e-1,-1.22e+0,
1.140000e-1,2.80e-1,
1.141000e-1,2.60e-1,
1.142000e-1,1.48e+0,
1.143000e-1,1.46e+0,
1.144000e-1,6.60e-1,
1.145000e-1,6.60e-1,
1.146000e-1,-9.40e-1,
1.147000e-1,-9.00e-1,
1.148000e-1,-5.00e-1,
1.149000e-1,-5.20e-1,
1.150000e-1,6.20e-1,
1.151000e-1,6.00e-1,
1.152000e-1,2.40e-1,
1.153000e-1,2.60e-1,
1.154000e-1,-1.60e-1,
1.155000e-1,-6.00e-2,
1.156000e-1,4.20e-1,
1.157000e-1,3.60e-1,
1.158000e-1,6.60e-1,
1.159000e-1,4.80e-1,
1.160000e-1,-6.00e-1,
1.161000e-1,-5.40e-1,
1.162000e-1,-9.40e-1,
1.163000e-1,-5.60e-1,
1.164000e-1,1.14e+0,
1.165000e-1,1.14e+0,
1.166000e-1,1.56e+0,
1.167000e-1,1.44e+0,
1.168000e-1,4.00e-2,
1.169000e-1,4.00e-2,
1.170000e-1,-1.30e+0,
1.171000e-1,-1.22e+0,
1.172000e-1,-4.00e-2,
1.173000e-1,-6.00e-2,
1.174000e-1,1.64e+0,
1.175000e-1,1.64e+0,
1.176000e-1,1.22e+0,
1.177000e-1,1.22e+0,
1.178000e-1,-1.20e+0,
1.179000e-1,-1.16e+0,
1.180000e-1,-8.20e-1,
1.181000e-1,-8.80e-1,
1.182000e-1,7.60e-1,
1.183000e-1,7.60e-1,
1.184000e-1,1.20e+0,
1.185000e-1,1.12e+0,
1.186000e-1,-3.60e-1,
1.187000e-1,-3.00e-1,
1.188000e-1,-5.40e-1,
1.189000e-1,-4.00e-1,
1.190000e-1,3.40e-1,
1.191000e-1,2.60e-1,
1.192000e-1,2.60e-1,
1.193000e-1,1.80e-1,
1.194000e-1,-4.80e-1,
1.195000e-1,-3.40e-1,
1.196000e-1,4.00e-1,
1.197000e-1,3.20e-1,
1.198000e-1,1.14e+0,
1.199000e-1,1.00e+0,
1.200000e-1,-1.20e-1,
1.201000e-1,-1.20e-1,
1.202000e-1,-1.32e+0,
1.203000e-1,-1.22e+0,
1.204000e-1,2.00e-2,
1.205000e-1,0.00e+0,
1.206000e-1,1.70e+0,
1.207000e-1,1.70e+0,
1.208000e-1,9.40e-1,
1.209000e-1,9.60e-1,
1.210000e-1,-8.60e-1,
1.211000e-1,-8.60e-1,
1.212000e-1,-1.30e+0,
1.213000e-1,-1.10e+0,
1.214000e-1,7.00e-1,
1.215000e-1,7.00e-1,
1.216000e-1,1.62e+0,
1.217000e-1,1.48e+0,
1.218000e-1,1.40e-1,
1.219000e-1,1.40e-1,
1.220000e-1,-1.00e+0,
1.221000e-1,-9.40e-1,
1.222000e-1,-4.00e-2,
1.223000e-1,-4.00e-2,
1.224000e-1,6.80e-1,
1.225000e-1,6.80e-1,
1.226000e-1,1.60e-1,
1.227000e-1,1.80e-1,
1.228000e-1,-1.60e-1,
1.229000e-1,-1.20e-1,
1.230000e-1,3.40e-1,
1.231000e-1,3.00e-1,
1.232000e-1,5.40e-1,
1.233000e-1,2.80e-1,
1.234000e-1,-6.80e-1,
1.235000e-1,-6.60e-1,
1.236000e-1,-8.80e-1,
1.237000e-1,-5.20e-1,
1.238000e-1,9.80e-1,
1.239000e-1,9.80e-1,
1.240000e-1,1.50e+0,
1.241000e-1,1.38e+0,
1.242000e-1,-8.20e-1,
1.243000e-1,-8.00e-1,
1.244000e-1,-1.32e+0,
1.245000e-1,-1.22e+0,
1.246000e-1,-2.40e-1,
1.247000e-1,-2.60e-1,
1.248000e-1,1.56e+0,
1.249000e-1,1.84e+0,
1.250000e-1,1.08e+0,
1.251000e-1,1.08e+0,
1.252000e-1,-1.30e+0,
1.253000e-1,-1.26e+0,
1.254000e-1,-6.60e-1,
1.255000e-1,-6.80e-1,
1.256000e-1,5.60e-1,
1.257000e-1,5.40e-1,
1.258000e-1,1.26e+0,
1.259000e-1,1.00e+0,
1.260000e-1,-4.00e-2,
1.261000e-1,-4.00e-2,
1.262000e-1,-6.20e-1,
1.263000e-1,-3.40e-1,
1.264000e-1,2.20e-1,
1.265000e-1,2.00e-1,
1.266000e-1,2.00e-1,
1.267000e-1,2.00e-2,
1.268000e-1,-3.60e-1,
1.269000e-1,-2.60e-1,
1.270000e-1,2.80e-1,
1.271000e-1,2.60e-1,
1.272000e-1,1.02e+0,
1.273000e-1,9.20e-1,
1.274000e-1,-1.40e-1,
1.275000e-1,-1.00e-1,
1.276000e-1,-1.24e+0,
1.277000e-1,-1.20e+0,
1.278000e-1,-2.40e-1,
1.279000e-1,-2.40e-1,
1.280000e-1,1.48e+0,
1.281000e-1,1.38e+0,
1.282000e-1,1.82e+0,
1.283000e-1,1.34e+0,
1.284000e-1,-1.10e+0,
1.285000e-1,-1.02e+0,
1.286000e-1,-1.40e+0,
1.287000e-1,-1.20e+0,
1.288000e-1,2.00e-1,
1.289000e-1,1.60e-1,
1.290000e-1,1.72e+0,
1.291000e-1,1.64e+0,
1.292000e-1,3.40e-1,
1.293000e-1,4.40e-1,
1.294000e-1,-1.14e+0,
1.295000e-1,-1.00e+0,
1.296000e-1,-2.60e-1,
1.297000e-1,-3.20e-1,
1.298000e-1,8.40e-1,
1.299000e-1,7.40e-1,
1.300000e-1,1.00e-1,
1.301000e-1,1.60e-1,
1.302000e-1,-2.80e-1,
1.303000e-1,-1.80e-1,
1.304000e-1,2.60e-1,
1.305000e-1,1.80e-1,
1.306000e-1,5.20e-1,
1.307000e-1,2.60e-1,
1.308000e-1,-6.00e-1,
1.309000e-1,-5.80e-1,
1.310000e-1,-5.80e-1,
1.311000e-1,-6.20e-1,
1.312000e-1,9.20e-1,
1.313000e-1,9.20e-1,
1.314000e-1,1.46e+0,
1.315000e-1,1.12e+0,
1.316000e-1,-8.60e-1,
1.317000e-1,-8.40e-1,
1.318000e-1,-1.30e+0,
1.319000e-1,-1.26e+0,
1.320000e-1,4.40e-1,
1.321000e-1,4.40e-1,
1.322000e-1,1.84e+0,
1.323000e-1,1.80e+0,
1.324000e-1,2.60e-1,
1.325000e-1,2.60e-1,
1.326000e-1,-1.14e+0,
1.327000e-1,-1.14e+0,
1.328000e-1,-5.00e-1,
1.329000e-1,-5.00e-1,
1.330000e-1,8.20e-1,
1.331000e-1,7.80e-1,
1.332000e-1,1.32e+0,
1.333000e-1,7.20e-1,
1.334000e-1,-4.80e-1,
1.335000e-1,-4.60e-1,
1.336000e-1,-4.60e-1,
1.337000e-1,-3.80e-1,
1.338000e-1,2.60e-1,
1.339000e-1,2.60e-1,
1.340000e-1,2.60e-1,
1.341000e-1,2.20e-1,
1.342000e-1,-3.00e-1,
1.343000e-1,-2.40e-1,
1.344000e-1,2.00e-1,
1.345000e-1,1.60e-1,
1.346000e-1,9.40e-1,
1.347000e-1,8.40e-1,
1.348000e-1,0.00e+0,
1.349000e-1,6.00e-2,
1.350000e-1,-1.18e+0,
1.351000e-1,-1.14e+0,
1.352000e-1,1.40e-1,
1.353000e-1,1.00e-1,
1.354000e-1,1.40e+0,
1.355000e-1,1.76e+0,
1.356000e-1,7.60e-1,
1.357000e-1,7.60e-1,
1.358000e-1,-1.30e+0,
1.359000e-1,-1.24e+0,
1.360000e-1,-1.24e+0,
1.361000e-1,-1.20e+0,
1.362000e-1,8.60e-1,
1.363000e-1,8.20e-1,
1.364000e-1,1.72e+0,
1.365000e-1,1.62e+0,
1.366000e-1,3.80e-1,
1.367000e-1,4.00e-1,
1.368000e-1,-1.14e+0,
1.369000e-1,-1.14e+0,
1.370000e-1,-2.00e-1,
1.371000e-1,-2.40e-1,
1.372000e-1,8.60e-1,
1.373000e-1,8.00e-1,
1.374000e-1,3.60e-1,
1.375000e-1,4.20e-1,
1.376000e-1,-2.20e-1,
1.377000e-1,-1.80e-1,
1.378000e-1,3.80e-1,
1.379000e-1,2.80e-1,
1.380000e-1,2.80e-1,
1.381000e-1,2.60e-1,
1.382000e-1,-5.00e-1,
1.383000e-1,-4.00e-1,
1.384000e-1,-7.60e-1,
1.385000e-1,-2.20e-1,
1.386000e-1,1.12e+0,
1.387000e-1,1.00e+0,
1.388000e-1,1.44e+0,
1.389000e-1,1.14e+0,
1.390000e-1,-9.20e-1,
1.391000e-1,-8.40e-1,
1.392000e-1,-1.34e+0,
1.393000e-1,-1.18e+0,
1.394000e-1,2.80e-1,
1.395000e-1,2.80e-1,
1.396000e-1,1.90e+0,
1.397000e-1,1.76e+0,
1.398000e-1,7.60e-1,
1.399000e-1,8.80e-1,
1.400000e-1,-1.36e+0,
1.401000e-1,-1.20e+0,
1.402000e-1,-4.40e-1,
1.403000e-1,-4.80e-1,
1.404000e-1,1.12e+0,
1.405000e-1,1.10e+0,
1.406000e-1,1.42e+0,
1.407000e-1,1.22e+0,
1.408000e-1,-2.80e-1,
1.409000e-1,-2.20e-1,
1.410000e-1,-7.20e-1,
1.411000e-1,-6.60e-1,
1.412000e-1,2.40e-1,
1.413000e-1,2.00e-1,
1.414000e-1,4.20e-1,
1.415000e-1,2.60e-1,
1.416000e-1,-2.40e-1,
1.417000e-1,-1.60e-1,
1.418000e-1,4.60e-1,
1.419000e-1,4.40e-1,
1.420000e-1,8.20e-1,
1.421000e-1,8.00e-1,
1.422000e-1,-2.80e-1,
1.423000e-1,-2.80e-1,
1.424000e-1,-1.14e+0,
1.425000e-1,-1.10e+0,
1.426000e-1,-2.20e-1,
1.427000e-1,-2.40e-1,
1.428000e-1,1.42e+0,
1.429000e-1,1.70e+0,
1.430000e-1,7.60e-1,
1.431000e-1,7.60e-1,
1.432000e-1,-1.00e+0,
1.433000e-1,-9.80e-1,
1.434000e-1,-1.30e+0,
1.435000e-1,-1.04e+0,
1.436000e-1,9.80e-1,
1.437000e-1,9.80e-1,
1.438000e-1,1.74e+0,
1.439000e-1,1.32e+0,
1.440000e-1,-5.20e-1,
1.441000e-1,-5.00e-1,
1.442000e-1,-1.20e+0,
1.443000e-1,-1.18e+0,
1.444000e-1,-3.40e-1,
1.445000e-1,-3.80e-1,
1.446000e-1,9.40e-1,
1.447000e-1,8.80e-1,
1.448000e-1,2.80e-1,
1.449000e-1,2.80e-1,
1.450000e-1,-2.60e-1,
1.451000e-1,-2.20e-1,
1.452000e-1,1.20e-1,
1.453000e-1,1.00e-1,
1.454000e-1,4.20e-1,
1.455000e-1,1.80e-1,
1.456000e-1,-5.80e-1,
1.457000e-1,-5.20e-1,
1.458000e-1,-1.40e-1,
1.459000e-1,-1.60e-1,
1.460000e-1,1.16e+0,
1.461000e-1,1.16e+0,
1.462000e-1,5.60e-1,
1.463000e-1,5.80e-1,
1.464000e-1,-1.18e+0,
1.465000e-1,-1.12e+0,
1.466000e-1,-1.12e+0,
1.467000e-1,-1.06e+0,
1.468000e-1,4.40e-1,
1.469000e-1,4.40e-1,
1.470000e-1,1.86e+0,
1.471000e-1,1.84e+0,
1.472000e-1,4.00e-2,
1.473000e-1,4.00e-2,
1.474000e-1,-1.34e+0,
1.475000e-1,-1.26e+0,
1.476000e-1,-5.40e-1,
1.477000e-1,-5.60e-1,
1.478000e-1,9.80e-1,
1.479000e-1,9.40e-1,
1.480000e-1,1.48e+0,
1.481000e-1,1.00e+0,
1.482000e-1,-6.00e-1,
1.483000e-1,-5.80e-1,
1.484000e-1,-8.80e-1,
1.485000e-1,-5.60e-1,
1.486000e-1,2.40e-1,
1.487000e-1,1.60e-1,
1.488000e-1,5.20e-1,
1.489000e-1,2.60e-1,
1.490000e-1,-2.00e-1,
1.491000e-1,-1.20e-1,
1.492000e-1,5.40e-1,
1.493000e-1,5.00e-1,
1.494000e-1,8.20e-1,
1.495000e-1,6.20e-1,
1.496000e-1,-4.80e-1,
1.497000e-1,-4.40e-1,
1.498000e-1,-1.08e+0,
1.499000e-1,-9.80e-1,
1.500000e-1,4.00e-2,
1.501000e-1,2.00e-2,
1.502000e-1,1.70e+0,
1.503000e-1,1.66e+0,
1.504000e-1,9.20e-1,
1.505000e-1,1.00e+0,
1.506000e-1,-1.32e+0,
1.507000e-1,-1.24e+0,
1.508000e-1,-6.60e-1,
1.509000e-1,-6.80e-1,
1.510000e-1,1.02e+0,
1.511000e-1,1.02e+0,
1.512000e-1,1.78e+0,
1.513000e-1,1.52e+0,
1.514000e-1,6.00e-2,
1.515000e-1,6.00e-2,
1.516000e-1,-1.24e+0,
1.517000e-1,-1.20e+0,
1.518000e-1,-1.60e-1,
1.519000e-1,-1.60e-1,
1.520000e-1,9.40e-1,
1.521000e-1,9.20e-1,
1.522000e-1,3.60e-1,
1.523000e-1,3.80e-1,
1.524000e-1,-3.20e-1,
1.525000e-1,-3.20e-1,
1.526000e-1,1.20e-1,
1.527000e-1,1.20e-1,
1.528000e-1,3.40e-1,
1.529000e-1,1.40e-1,
1.530000e-1,-4.40e-1,
1.531000e-1,-4.40e-1,
1.532000e-1,-2.00e-2,
1.533000e-1,-2.00e-2,
1.534000e-1,1.16e+0,
1.535000e-1,1.14e+0,
1.536000e-1,6.20e-1,
1.537000e-1,6.40e-1,
1.538000e-1,-6.60e-1,
1.539000e-1,-6.40e-1,
1.540000e-1,-1.26e+0,
1.541000e-1,-1.02e+0,
1.542000e-1,3.40e-1,
1.543000e-1,3.00e-1,
1.544000e-1,1.84e+0,
1.545000e-1,1.76e+0,
1.546000e-1,-4.60e-1,
1.547000e-1,-4.40e-1,
1.548000e-1,-1.32e+0,
1.549000e-1,-1.24e+0,
1.550000e-1,-3.60e-1,
1.551000e-1,-3.80e-1,
1.552000e-1,1.14e+0,
1.553000e-1,1.12e+0,
1.554000e-1,1.52e+0,
1.555000e-1,1.02e+0,
1.556000e-1,-4.20e-1,
1.557000e-1,-4.00e-1,
1.558000e-1,-9.00e-1,
1.559000e-1,-5.40e-1,
1.560000e-1,3.60e-1,
1.561000e-1,3.20e-1,
1.562000e-1,5.60e-1,
1.563000e-1,3.00e-1,
1.564000e-1,-1.60e-1,
1.565000e-1,-1.40e-1,
1.566000e-1,3.00e-1,
1.567000e-1,2.60e-1,
1.568000e-1,7.00e-1,
1.569000e-1,5.40e-1,
1.570000e-1,-3.40e-1,
1.571000e-1,-3.20e-1,
1.572000e-1,-1.00e+0,
1.573000e-1,-9.80e-1,
1.574000e-1,3.00e-1,
1.575000e-1,2.80e-1,
1.576000e-1,1.50e+0,
1.577000e-1,1.48e+0,
1.578000e-1,4.60e-1,
1.579000e-1,4.60e-1,
1.580000e-1,-1.36e+0,
1.581000e-1,-1.26e+0,
1.582000e-1,-8.40e-1,
1.583000e-1,-9.20e-1,
1.584000e-1,1.32e+0,
1.585000e-1,1.32e+0,
1.586000e-1,1.84e+0,
1.587000e-1,1.42e+0,
1.588000e-1,-1.00e-1,
1.589000e-1,-8.00e-2,
1.590000e-1,-1.34e+0,
1.591000e-1,-1.16e+0,
1.592000e-1,5.60e-1,
1.593000e-1,5.00e-1,
1.594000e-1,1.14e+0,
1.595000e-1,1.06e+0,
1.596000e-1,2.00e-1,
1.597000e-1,2.00e-1,
1.598000e-1,-4.20e-1,
1.599000e-1,-3.20e-1,
1.600000e-1,1.00e-1,
1.601000e-1,6.00e-2,
1.602000e-1,3.80e-1,
1.603000e-1,2.20e-1,
1.604000e-1,-3.60e-1,
1.605000e-1,-2.60e-1,
1.606000e-1,-5.20e-1,
1.607000e-1,-8.00e-2,
1.608000e-1,1.12e+0,
1.609000e-1,1.06e+0,
1.610000e-1,8.20e-1,
1.611000e-1,8.20e-1,
1.612000e-1,-6.80e-1,
1.613000e-1,-6.80e-1,
1.614000e-1,-1.26e+0,
1.615000e-1,-1.10e+0,
1.616000e-1,1.02e+0,
1.617000e-1,1.00e+0,
1.618000e-1,1.80e+0,
1.619000e-1,1.72e+0,
1.620000e-1,-4.40e-1,
1.621000e-1,-4.40e-1,
1.622000e-1,-1.30e+0,
1.623000e-1,-1.24e+0,
1.624000e-1,2.20e-1,
1.625000e-1,2.00e-1,
1.626000e-1,1.52e+0,
1.627000e-1,1.48e+0,
1.628000e-1,5.20e-1,
1.629000e-1,5.20e-1,
1.630000e-1,-6.60e-1,
1.631000e-1,-6.40e-1,
1.632000e-1,-9.60e-1,
1.633000e-1,-6.60e-1,
1.634000e-1,4.40e-1,
1.635000e-1,4.20e-1,
1.636000e-1,4.20e-1,
1.637000e-1,4.80e-1,
1.638000e-1,-1.60e-1,
1.639000e-1,-1.40e-1,
1.640000e-1,2.00e-1,
1.641000e-1,1.80e-1,
1.642000e-1,6.20e-1,
1.643000e-1,5.80e-1,
1.644000e-1,-5.20e-1,
1.645000e-1,-4.80e-1,
1.646000e-1,-9.60e-1,
1.647000e-1,-9.20e-1,
1.648000e-1,1.60e-1,
1.649000e-1,1.20e-1,
1.650000e-1,1.56e+0,
1.651000e-1,1.50e+0,
1.652000e-1,2.40e-1,
1.653000e-1,2.60e-1,
1.654000e-1,-1.30e+0,
1.655000e-1,-1.24e+0,
1.656000e-1,-8.00e-1,
1.657000e-1,-8.00e-1,
1.658000e-1,1.48e+0,
1.659000e-1,1.46e+0,
1.660000e-1,1.84e+0,
1.661000e-1,1.48e+0,
1.662000e-1,-4.20e-1,
1.663000e-1,-4.20e-1,
1.664000e-1,-1.30e+0,
1.665000e-1,-1.02e+0,
1.666000e-1,4.40e-1,
1.667000e-1,4.20e-1,
1.668000e-1,1.16e+0,
1.669000e-1,1.10e+0,
1.670000e-1,6.00e-2,
1.671000e-1,8.00e-2,
1.672000e-1,-5.20e-1,
1.673000e-1,-4.40e-1,
1.674000e-1,1.00e-1,
1.675000e-1,1.00e-1,
1.676000e-1,3.40e-1,
1.677000e-1,1.60e-1,
1.678000e-1,-3.00e-1,
1.679000e-1,-4.40e-1,
1.680000e-1,2.00e-2,
1.681000e-1,2.00e-2,
1.682000e-1,1.08e+0,
1.683000e-1,1.00e+0,
1.684000e-1,7.00e-1,
1.685000e-1,7.40e-1,
1.686000e-1,-1.12e+0,
1.687000e-1,-9.80e-1,
1.688000e-1,-1.34e+0,
1.689000e-1,-1.00e+0,
1.690000e-1,9.00e-1,
1.691000e-1,8.80e-1,
1.692000e-1,1.84e+0,
1.693000e-1,1.72e+0,
1.694000e-1,1.20e-1,
1.695000e-1,1.20e-1,
1.696000e-1,-1.38e+0,
1.697000e-1,-1.26e+0,
1.698000e-1,3.80e-1,
1.699000e-1,3.00e-1,
1.700000e-1,1.60e+0,
1.701000e-1,1.60e+0,
1.702000e-1,5.20e-1,
1.703000e-1,6.00e-1,
1.704000e-1,-9.00e-1,
1.705000e-1,-8.60e-1,
1.706000e-1,-3.60e-1,
1.707000e-1,-4.00e-1,
1.708000e-1,5.20e-1,
1.709000e-1,7.20e-1,
1.710000e-1,2.60e-1,
1.711000e-1,2.60e-1,
1.712000e-1,-1.40e-1,
1.713000e-1,-1.00e-1,
1.714000e-1,3.60e-1,
1.715000e-1,3.40e-1,
1.716000e-1,5.60e-1,
1.717000e-1,3.60e-1,
1.718000e-1,-5.80e-1,
1.719000e-1,-5.60e-1,
1.720000e-1,-8.60e-1,
1.721000e-1,-7.00e-1,
1.722000e-1,9.00e-1,
1.723000e-1,8.80e-1,
1.724000e-1,1.50e+0,
1.725000e-1,1.38e+0,
1.726000e-1,1.40e-1,
1.727000e-1,1.40e-1,
1.728000e-1,-1.30e+0,
1.729000e-1,-1.24e+0,
1.730000e-1,-7.80e-1,
1.731000e-1,-8.00e-1,
1.732000e-1,1.76e+0,
1.733000e-1,1.76e+0,
1.734000e-1,9.20e-1,
1.735000e-1,9.20e-1,
1.736000e-1,-7.40e-1,
1.737000e-1,-7.40e-1,
1.738000e-1,-1.28e+0,
1.739000e-1,-1.14e+0,
1.740000e-1,1.80e-1,
1.741000e-1,1.80e-1,
1.742000e-1,1.24e+0,
1.743000e-1,1.06e+0,
1.744000e-1,2.20e-1,
1.745000e-1,2.40e-1,
1.746000e-1,-5.60e-1,
1.747000e-1,-5.40e-1,
1.748000e-1,0.00e+0,
1.749000e-1,0.00e+0,
1.750000e-1,3.60e-1,
1.751000e-1,3.20e-1,
1.752000e-1,-3.60e-1,
1.753000e-1,-3.00e-1,
1.754000e-1,2.00e-1,
1.755000e-1,1.80e-1,
1.756000e-1,8.40e-1,
1.757000e-1,1.02e+0,
1.758000e-1,3.80e-1,
1.759000e-1,4.20e-1,
1.760000e-1,-8.20e-1,
1.761000e-1,-8.00e-1,
1.762000e-1,-1.24e+0,
1.763000e-1,-9.20e-1,
1.764000e-1,1.08e+0,
1.765000e-1,1.06e+0,
1.766000e-1,1.78e+0,
1.767000e-1,1.48e+0,
1.768000e-1,-2.80e-1,
1.769000e-1,-2.80e-1,
1.770000e-1,-1.30e+0,
1.771000e-1,-1.26e+0,
1.772000e-1,2.00e-2,
1.773000e-1,0.00e+0,
1.774000e-1,1.66e+0,
1.775000e-1,1.62e+0,
1.776000e-1,1.80e-1,
1.777000e-1,1.80e-1,
1.778000e-1,-1.04e+0,
1.779000e-1,-1.02e+0,
1.780000e-1,-3.20e-1,
1.781000e-1,-4.00e-1,
1.782000e-1,7.80e-1,
1.783000e-1,7.20e-1,
1.784000e-1,3.00e-1,
1.785000e-1,3.40e-1,
1.786000e-1,-2.20e-1,
1.787000e-1,-1.20e-1,
1.788000e-1,1.40e-1,
1.789000e-1,6.00e-2,
1.790000e-1,5.20e-1,
1.791000e-1,4.40e-1,
1.792000e-1,-4.80e-1,
1.793000e-1,-4.20e-1,
1.794000e-1,-8.60e-1,
1.795000e-1,-5.80e-1,
1.796000e-1,6.20e-1,
1.797000e-1,6.00e-1,
1.798000e-1,1.46e+0,
1.799000e-1,1.32e+0,
1.800000e-1,2.80e-1,
1.801000e-1,2.80e-1,
1.802000e-1,-1.34e+0,
1.803000e-1,-1.20e+0,
1.804000e-1,-4.40e-1,
1.805000e-1,-4.60e-1,
1.806000e-1,1.74e+0,
1.807000e-1,1.72e+0,
1.808000e-1,7.00e-1,
1.809000e-1,7.00e-1,
1.810000e-1,-9.40e-1,
1.811000e-1,-9.20e-1,
1.812000e-1,-1.30e+0,
1.813000e-1,-1.06e+0,
1.814000e-1,6.20e-1,
1.815000e-1,6.00e-1,
1.816000e-1,1.30e+0,
1.817000e-1,1.24e+0,
1.818000e-1,4.00e-2,
1.819000e-1,4.00e-2,
1.820000e-1,-6.20e-1,
1.821000e-1,-6.20e-1,
1.822000e-1,-4.00e-2,
1.823000e-1,-4.00e-2,
1.824000e-1,3.60e-1,
1.825000e-1,2.20e-1,
1.826000e-1,-2.20e-1,
1.827000e-1,-1.80e-1,
1.828000e-1,1.40e-1,
1.829000e-1,1.20e-1,
1.830000e-1,8.40e-1,
1.831000e-1,8.20e-1,
1.832000e-1,4.00e-1,
1.833000e-1,4.00e-1,
1.834000e-1,-1.02e+0,
1.835000e-1,-1.00e+0,
1.836000e-1,-5.60e-1,
1.837000e-1,-6.00e-1,
1.838000e-1,1.20e+0,
1.839000e-1,1.20e+0,
1.840000e-1,1.72e+0,
1.841000e-1,1.32e+0,
1.842000e-1,-7.00e-1,
1.843000e-1,-7.00e-1,
1.844000e-1,-1.34e+0,
1.845000e-1,-1.12e+0,
1.846000e-1,7.80e-1,
1.847000e-1,7.80e-1,
1.848000e-1,1.70e+0,
1.849000e-1,1.60e+0,
1.850000e-1,7.00e-1,
1.851000e-1,7.60e-1,
1.852000e-1,-1.20e+0,
1.853000e-1,-1.14e+0,
1.854000e-1,-4.40e-1,
1.855000e-1,-4.60e-1,
1.856000e-1,6.80e-1,
1.857000e-1,8.60e-1,
1.858000e-1,3.80e-1,
1.859000e-1,4.00e-1,
1.860000e-1,-2.60e-1,
1.861000e-1,-1.80e-1,
1.862000e-1,2.40e-1,
1.863000e-1,2.00e-1,
1.864000e-1,4.60e-1,
1.865000e-1,3.40e-1,
1.866000e-1,-3.00e-1,
1.867000e-1,-2.80e-1,
1.868000e-1,-7.00e-1,
1.869000e-1,-6.20e-1,
1.870000e-1,7.60e-1,
1.871000e-1,7.40e-1,
1.872000e-1,1.40e+0,
1.873000e-1,1.30e+0,
1.874000e-1,-2.00e-1,
1.875000e-1,-2.00e-1,
1.876000e-1,-1.30e+0,
1.877000e-1,-1.24e+0,
1.878000e-1,-4.80e-1,
1.879000e-1,-5.60e-1,
1.880000e-1,1.84e+0,
1.881000e-1,1.84e+0,
1.882000e-1,4.60e-1,
1.883000e-1,4.80e-1,
1.884000e-1,-1.30e+0,
1.885000e-1,-1.22e+0,
1.886000e-1,-9.20e-1,
1.887000e-1,-1.04e+0,
1.888000e-1,7.40e-1,
1.889000e-1,6.80e-1,
1.890000e-1,1.44e+0,
1.891000e-1,1.08e+0,
1.892000e-1,2.00e-1,
1.893000e-1,2.20e-1,
1.894000e-1,-7.80e-1,
1.895000e-1,-7.20e-1,
1.896000e-1,4.00e-2,
1.897000e-1,4.00e-2,
1.898000e-1,4.80e-1,
1.899000e-1,3.80e-1,
1.900000e-1,-2.60e-1,
1.901000e-1,-1.80e-1,
1.902000e-1,8.00e-2,
1.903000e-1,-2.00e-2,
1.904000e-1,8.40e-1,
1.905000e-1,7.60e-1,
1.906000e-1,0.00e+0,
1.907000e-1,2.00e-2,
1.908000e-1,-8.60e-1,
1.909000e-1,-8.40e-1,
1.910000e-1,-1.14e+0,
1.911000e-1,-6.80e-1,
1.912000e-1,1.56e+0,
1.913000e-1,1.54e+0,
1.914000e-1,1.24e+0,
1.915000e-1,1.24e+0,
1.916000e-1,-3.40e-1,
1.917000e-1,-3.40e-1,
1.918000e-1,-1.30e+0,
1.919000e-1,-1.24e+0,
1.920000e-1,5.00e-1,
1.921000e-1,5.00e-1,
1.922000e-1,1.70e+0,
1.923000e-1,1.66e+0,
1.924000e-1,8.00e-2,
1.925000e-1,1.00e-1,
1.926000e-1,-1.20e+0,
1.927000e-1,-1.16e+0,
1.928000e-1,-1.60e-1,
1.929000e-1,-1.60e-1,
1.930000e-1,8.60e-1,
1.931000e-1,8.60e-1,
1.932000e-1,6.00e-1,
1.933000e-1,6.20e-1,
1.934000e-1,-1.80e-1,
1.935000e-1,-1.80e-1,
1.936000e-1,-1.80e-1,
1.937000e-1,-6.00e-2,
1.938000e-1,3.80e-1,
1.939000e-1,3.00e-1,
1.940000e-1,-2.60e-1,
1.941000e-1,-2.40e-1,
1.942000e-1,-6.40e-1,
1.943000e-1,-5.80e-1,
1.944000e-1,5.80e-1,
1.945000e-1,5.80e-1,
1.946000e-1,1.32e+0,
1.947000e-1,1.28e+0,
1.948000e-1,-8.40e-1,
1.949000e-1,-8.00e-1,
1.950000e-1,-1.30e+0,
1.951000e-1,-1.22e+0,
1.952000e-1,2.20e-1,
1.953000e-1,2.20e-1,
1.954000e-1,1.82e+0,
1.955000e-1,1.78e+0,
1.956000e-1,9.80e-1,
1.957000e-1,1.02e+0,
1.958000e-1,-1.10e+0,
1.959000e-1,-1.08e+0,
1.960000e-1,-1.30e+0,
1.961000e-1,-9.60e-1,
1.962000e-1,5.40e-1,
1.963000e-1,5.40e-1,
1.964000e-1,1.46e+0,
1.965000e-1,1.28e+0,
1.966000e-1,-6.00e-2,
1.967000e-1,-4.00e-2,
1.968000e-1,-8.20e-1,
1.969000e-1,-7.60e-1,
1.970000e-1,8.00e-2,
1.971000e-1,4.00e-2,
1.972000e-1,5.00e-1,
1.973000e-1,4.20e-1,
1.974000e-1,-2.00e-1,
1.975000e-1,-1.60e-1,
1.976000e-1,2.80e-1,
1.977000e-1,2.60e-1,
1.978000e-1,8.00e-1,
1.979000e-1,7.00e-1,
1.980000e-1,-8.00e-2,
1.981000e-1,-2.00e-2,
1.982000e-1,-1.10e+0,
1.983000e-1,-1.08e+0,
1.984000e-1,-4.20e-1,
1.985000e-1,-5.00e-1,
1.986000e-1,1.30e+0,
1.987000e-1,1.20e+0,
1.988000e-1,1.70e+0,
1.989000e-1,1.42e+0,
1.990000e-1,-7.80e-1,
1.991000e-1,-6.40e-1,
1.992000e-1,-1.36e+0,
1.993000e-1,-1.10e+0,
1.994000e-1,4.20e-1,
1.995000e-1,3.60e-1,
1.996000e-1,1.78e+0,
1.997000e-1,1.72e+0,
1.998000e-1,3.40e-1,
1.999000e-1,3.60e-1,
